,initial_briefcase,revealed_briefcase,switched,new_briefcase,wins,winning_briefcase,date,time
0,3,1,False,-1,False,2,2022-04-17,12:48:25
1,1,3,False,-1,True,1,2022-04-17,12:48:25
2,1,3,True,2,False,1,2022-04-17,12:48:25
3,2,1,False,-1,False,3,2022-04-17,12:48:25
4,2,3,True,1,False,2,2022-04-17,12:48:25
5,1,2,False,-1,True,1,2022-04-17,12:48:25
6,3,1,False,-1,False,2,2022-04-17,12:48:25
7,3,1,True,2,True,2,2022-04-17,12:48:25
8,2,3,True,1,False,2,2022-04-17,12:48:25
9,1,2,False,-1,True,1,2022-04-17,12:48:25
10,2,1,True,3,False,2,2022-04-17,12:48:25
11,3,1,True,2,True,2,2022-04-17,12:48:25
12,2,3,True,1,False,2,2022-04-17,12:48:25
13,1,2,True,3,False,1,2022-04-17,12:48:25
14,2,3,True,1,False,2,2022-04-17,12:48:25
15,2,1,True,3,True,3,2022-04-17,12:48:25
16,3,2,False,-1,True,3,2022-04-17,12:48:25
17,2,3,False,-1,False,1,2022-04-17,12:48:25
18,1,2,False,-1,False,3,2022-04-17,12:48:25
19,1,2,False,-1,True,1,2022-04-17,12:48:25
20,1,2,True,3,True,3,2022-04-17,12:48:25
21,1,2,False,-1,False,3,2022-04-17,12:48:25
22,2,1,True,3,True,3,2022-04-17,12:48:25
23,1,3,False,-1,False,2,2022-04-17,12:48:25
24,1,2,False,-1,False,3,2022-04-17,12:48:25
25,1,2,True,3,True,3,2022-04-17,12:48:25
26,3,2,True,1,False,3,2022-04-17,12:48:25
27,3,2,True,1,True,1,2022-04-17,12:48:25
28,3,1,True,2,True,2,2022-04-17,12:48:25
29,3,2,False,-1,False,1,2022-04-17,12:48:25
30,2,3,False,-1,False,1,2022-04-17,12:48:25
31,2,1,False,-1,True,2,2022-04-17,12:48:25
32,3,1,True,2,True,2,2022-04-17,12:48:25
33,2,1,False,-1,True,2,2022-04-17,12:48:25
34,3,1,True,2,True,2,2022-04-17,12:48:25
35,1,3,False,-1,True,1,2022-04-17,12:48:25
36,1,3,False,-1,False,2,2022-04-17,12:48:25
37,3,1,True,2,True,2,2022-04-17,12:48:25
38,1,3,False,-1,False,2,2022-04-17,12:48:25
39,2,1,False,-1,True,2,2022-04-17,12:48:25
40,2,3,True,1,False,2,2022-04-17,12:48:25
41,1,2,True,3,False,1,2022-04-17,12:48:25
42,1,3,False,-1,False,2,2022-04-17,12:48:25
43,2,3,False,-1,False,1,2022-04-17,12:48:25
44,3,1,True,2,False,3,2022-04-17,12:48:25
45,2,1,False,-1,False,3,2022-04-17,12:48:25
46,3,1,True,2,True,2,2022-04-17,12:48:25
47,2,3,True,1,True,1,2022-04-17,12:48:25
48,2,1,False,-1,False,3,2022-04-17,12:48:25
49,1,3,False,-1,False,2,2022-04-17,12:48:25
50,2,3,True,1,False,2,2022-04-17,12:48:25
51,3,1,True,2,True,2,2022-04-17,12:48:25
52,3,1,False,-1,False,2,2022-04-17,12:48:25
53,3,2,True,1,False,3,2022-04-17,12:48:25
54,1,2,False,-1,False,3,2022-04-17,12:48:25
55,3,1,False,-1,True,3,2022-04-17,12:48:25
56,3,1,True,2,True,2,2022-04-17,12:48:25
57,1,2,False,-1,True,1,2022-04-17,12:48:25
58,2,1,False,-1,False,3,2022-04-17,12:48:25
59,3,1,True,2,True,2,2022-04-17,12:48:25
60,3,1,False,-1,True,3,2022-04-17,12:48:25
61,2,1,False,-1,False,3,2022-04-17,12:48:25
62,3,2,True,1,True,1,2022-04-17,12:48:25
63,2,1,False,-1,False,3,2022-04-17,12:48:25
64,3,2,True,1,False,3,2022-04-17,12:48:25
65,1,2,True,3,True,3,2022-04-17,12:48:25
66,1,3,False,-1,False,2,2022-04-17,12:48:25
67,1,2,True,3,True,3,2022-04-17,12:48:25
68,1,2,True,3,False,1,2022-04-17,12:48:25
69,1,2,True,3,True,3,2022-04-17,12:48:25
70,1,3,True,2,True,2,2022-04-17,12:48:25
71,3,1,True,2,True,2,2022-04-17,12:48:25
72,2,1,False,-1,True,2,2022-04-17,12:48:25
73,1,2,True,3,True,3,2022-04-17,12:48:25
74,1,3,True,2,False,1,2022-04-17,12:48:25
75,3,1,True,2,False,3,2022-04-17,12:48:25
76,1,2,True,3,False,1,2022-04-17,12:48:25
77,1,3,False,-1,True,1,2022-04-17,12:48:25
78,3,1,True,2,False,3,2022-04-17,12:48:25
79,3,1,True,2,True,2,2022-04-17,12:48:25
80,3,1,False,-1,False,2,2022-04-17,12:48:25
81,1,2,True,3,True,3,2022-04-17,12:48:25
82,2,1,True,3,True,3,2022-04-17,12:48:25
83,1,2,False,-1,False,3,2022-04-17,12:48:25
84,2,3,True,1,False,2,2022-04-17,12:48:25
85,2,3,True,1,True,1,2022-04-17,12:48:25
86,2,1,False,-1,True,2,2022-04-17,12:48:25
87,1,3,True,2,True,2,2022-04-17,12:48:25
88,2,1,True,3,False,2,2022-04-17,12:48:25
89,1,3,False,-1,True,1,2022-04-17,12:48:25
90,3,2,True,1,True,1,2022-04-17,12:48:25
91,2,3,False,-1,False,1,2022-04-17,12:48:25
92,1,2,False,-1,False,3,2022-04-17,12:48:25
93,1,2,False,-1,True,1,2022-04-17,12:48:25
94,2,1,False,-1,True,2,2022-04-17,12:48:25
95,1,2,False,-1,False,3,2022-04-17,12:48:25
96,1,3,False,-1,False,2,2022-04-17,12:48:25
97,1,2,False,-1,False,3,2022-04-17,12:48:25
98,3,2,True,1,False,3,2022-04-17,12:48:25
99,3,1,True,2,True,2,2022-04-17,12:48:25
100,1,2,True,3,False,1,2022-04-17,12:48:25
101,1,2,True,3,False,1,2022-04-17,12:48:25
102,1,2,True,3,True,3,2022-04-17,12:48:25
103,3,2,True,1,False,3,2022-04-17,12:48:25
104,2,1,True,3,True,3,2022-04-17,12:48:25
105,2,3,False,-1,True,2,2022-04-17,12:48:25
106,2,1,False,-1,False,3,2022-04-17,12:48:25
107,3,1,False,-1,False,2,2022-04-17,12:48:25
108,1,3,False,-1,False,2,2022-04-17,12:48:25
109,1,3,True,2,True,2,2022-04-17,12:48:25
110,2,3,True,1,False,2,2022-04-17,12:48:25
111,3,2,True,1,False,3,2022-04-17,12:48:25
112,2,3,True,1,False,2,2022-04-17,12:48:25
113,2,3,False,-1,False,1,2022-04-17,12:48:25
114,2,3,True,1,True,1,2022-04-17,12:48:25
115,1,2,True,3,True,3,2022-04-17,12:48:25
116,1,2,False,-1,True,1,2022-04-17,12:48:25
117,3,1,True,2,False,3,2022-04-17,12:48:25
118,3,1,False,-1,False,2,2022-04-17,12:48:25
119,3,1,True,2,True,2,2022-04-17,12:48:25
120,3,2,False,-1,False,1,2022-04-17,12:48:25
121,2,1,True,3,True,3,2022-04-17,12:48:25
122,1,2,False,-1,False,3,2022-04-17,12:48:25
123,2,1,True,3,True,3,2022-04-17,12:48:25
124,1,2,False,-1,True,1,2022-04-17,12:48:25
125,1,3,False,-1,False,2,2022-04-17,12:48:25
126,1,2,True,3,False,1,2022-04-17,12:48:25
127,1,3,True,2,True,2,2022-04-17,12:48:25
128,3,1,False,-1,False,2,2022-04-17,12:48:25
129,2,3,False,-1,True,2,2022-04-17,12:48:25
130,2,1,True,3,True,3,2022-04-17,12:48:25
131,3,2,False,-1,True,3,2022-04-17,12:48:25
132,3,2,False,-1,False,1,2022-04-17,12:48:25
133,2,1,False,-1,True,2,2022-04-17,12:48:25
134,1,2,True,3,False,1,2022-04-17,12:48:25
135,3,1,False,-1,True,3,2022-04-17,12:48:25
136,2,1,True,3,True,3,2022-04-17,12:48:25
137,3,2,False,-1,True,3,2022-04-17,12:48:25
138,1,2,True,3,False,1,2022-04-17,12:48:25
139,1,2,False,-1,False,3,2022-04-17,12:48:25
140,1,3,True,2,True,2,2022-04-17,12:48:25
141,2,3,True,1,False,2,2022-04-17,12:48:25
142,2,1,False,-1,True,2,2022-04-17,12:48:25
143,3,2,False,-1,False,1,2022-04-17,12:48:25
144,2,3,True,1,True,1,2022-04-17,12:48:25
145,1,3,True,2,True,2,2022-04-17,12:48:25
146,2,1,True,3,False,2,2022-04-17,12:48:25
147,3,2,True,1,False,3,2022-04-17,12:48:25
148,3,2,True,1,False,3,2022-04-17,12:48:25
149,3,1,False,-1,False,2,2022-04-17,12:48:25
150,2,3,False,-1,False,1,2022-04-17,12:48:25
151,2,1,True,3,False,2,2022-04-17,12:48:25
152,2,1,True,3,True,3,2022-04-17,12:48:25
153,2,3,False,-1,True,2,2022-04-17,12:48:25
154,1,3,False,-1,False,2,2022-04-17,12:48:25
155,1,2,True,3,True,3,2022-04-17,12:48:25
156,1,2,True,3,True,3,2022-04-17,12:48:25
157,2,3,True,1,False,2,2022-04-17,12:48:25
158,1,3,False,-1,False,2,2022-04-17,12:48:25
159,3,1,False,-1,False,2,2022-04-17,12:48:25
160,1,3,True,2,True,2,2022-04-17,12:48:25
161,1,3,True,2,False,1,2022-04-17,12:48:25
162,2,1,True,3,False,2,2022-04-17,12:48:25
163,3,1,True,2,True,2,2022-04-17,12:48:25
164,1,2,False,-1,False,3,2022-04-17,12:48:25
165,3,1,False,-1,False,2,2022-04-17,12:48:25
166,3,1,False,-1,True,3,2022-04-17,12:48:25
167,2,3,False,-1,True,2,2022-04-17,12:48:25
168,1,3,True,2,True,2,2022-04-17,12:48:25
169,1,3,False,-1,False,2,2022-04-17,12:48:25
170,2,3,True,1,True,1,2022-04-17,12:48:25
171,2,1,True,3,True,3,2022-04-17,12:48:25
172,2,3,True,1,False,2,2022-04-17,12:48:25
173,3,1,True,2,True,2,2022-04-17,12:48:25
174,3,1,True,2,False,3,2022-04-17,12:48:25
175,3,2,False,-1,False,1,2022-04-17,12:48:25
176,1,3,False,-1,False,2,2022-04-17,12:48:25
177,2,3,False,-1,False,1,2022-04-17,12:48:25
178,3,1,False,-1,False,2,2022-04-17,12:48:25
179,3,1,True,2,True,2,2022-04-17,12:48:25
180,2,3,True,1,True,1,2022-04-17,12:48:25
181,3,2,False,-1,False,1,2022-04-17,12:48:25
182,2,1,True,3,True,3,2022-04-17,12:48:25
183,3,2,False,-1,False,1,2022-04-17,12:48:25
184,1,3,False,-1,False,2,2022-04-17,12:48:25
185,2,3,False,-1,False,1,2022-04-17,12:48:25
186,2,3,False,-1,False,1,2022-04-17,12:48:25
187,2,3,False,-1,True,2,2022-04-17,12:48:25
188,2,1,False,-1,False,3,2022-04-17,12:48:25
189,3,2,True,1,True,1,2022-04-17,12:48:25
190,1,2,True,3,True,3,2022-04-17,12:48:25
191,3,2,False,-1,True,3,2022-04-17,12:48:25
192,2,3,False,-1,False,1,2022-04-17,12:48:25
193,3,2,True,1,True,1,2022-04-17,12:48:25
194,1,2,True,3,True,3,2022-04-17,12:48:25
195,1,3,True,2,True,2,2022-04-17,12:48:25
196,1,3,True,2,False,1,2022-04-17,12:48:25
197,1,3,False,-1,True,1,2022-04-17,12:48:25
198,2,1,True,3,True,3,2022-04-17,12:48:25
199,1,2,False,-1,False,3,2022-04-17,12:48:25
200,3,1,True,2,True,2,2022-04-17,12:48:25
201,2,1,False,-1,False,3,2022-04-17,12:48:25
202,2,3,True,1,False,2,2022-04-17,12:48:25
203,2,1,False,-1,False,3,2022-04-17,12:48:25
204,3,2,False,-1,True,3,2022-04-17,12:48:25
205,3,2,False,-1,True,3,2022-04-17,12:48:25
206,1,2,True,3,True,3,2022-04-17,12:48:25
207,3,1,False,-1,False,2,2022-04-17,12:48:25
208,2,3,False,-1,False,1,2022-04-17,12:48:25
209,1,3,False,-1,True,1,2022-04-17,12:48:25
210,2,1,True,3,True,3,2022-04-17,12:48:25
211,3,1,False,-1,False,2,2022-04-17,12:48:25
212,3,1,False,-1,False,2,2022-04-17,12:48:25
213,1,2,True,3,False,1,2022-04-17,12:48:25
214,1,3,True,2,False,1,2022-04-17,12:48:25
215,2,1,True,3,True,3,2022-04-17,12:48:25
216,2,1,False,-1,True,2,2022-04-17,12:48:25
217,1,3,True,2,True,2,2022-04-17,12:48:25
218,1,2,False,-1,False,3,2022-04-17,12:48:25
219,2,1,False,-1,False,3,2022-04-17,12:48:25
220,1,2,True,3,False,1,2022-04-17,12:48:25
221,2,3,True,1,False,2,2022-04-17,12:48:25
222,1,3,False,-1,False,2,2022-04-17,12:48:25
223,1,2,True,3,False,1,2022-04-17,12:48:25
224,3,1,True,2,True,2,2022-04-17,12:48:25
225,1,2,True,3,True,3,2022-04-17,12:48:25
226,3,2,False,-1,True,3,2022-04-17,12:48:25
227,3,1,True,2,False,3,2022-04-17,12:48:25
228,1,2,False,-1,False,3,2022-04-17,12:48:25
229,2,1,True,3,True,3,2022-04-17,12:48:25
230,3,1,False,-1,True,3,2022-04-17,12:48:25
231,2,1,True,3,False,2,2022-04-17,12:48:25
232,2,3,False,-1,False,1,2022-04-17,12:48:25
233,1,2,False,-1,False,3,2022-04-17,12:48:25
234,1,3,True,2,True,2,2022-04-17,12:48:25
235,1,2,True,3,True,3,2022-04-17,12:48:25
236,1,3,False,-1,True,1,2022-04-17,12:48:25
237,3,2,True,1,False,3,2022-04-17,12:48:25
238,1,2,True,3,True,3,2022-04-17,12:48:25
239,2,1,True,3,True,3,2022-04-17,12:48:25
240,2,3,True,1,True,1,2022-04-17,12:48:25
241,1,2,False,-1,True,1,2022-04-17,12:48:25
242,3,1,False,-1,False,2,2022-04-17,12:48:25
243,2,1,False,-1,False,3,2022-04-17,12:48:25
244,3,2,False,-1,True,3,2022-04-17,12:48:25
245,3,1,True,2,False,3,2022-04-17,12:48:25
246,3,1,False,-1,False,2,2022-04-17,12:48:25
247,2,1,True,3,True,3,2022-04-17,12:48:25
248,1,3,False,-1,True,1,2022-04-17,12:48:25
249,2,1,False,-1,True,2,2022-04-17,12:48:25
250,3,1,False,-1,True,3,2022-04-17,12:48:25
251,1,3,True,2,False,1,2022-04-17,12:48:25
252,1,3,False,-1,True,1,2022-04-17,12:48:25
253,1,3,False,-1,False,2,2022-04-17,12:48:25
254,2,3,True,1,False,2,2022-04-17,12:48:25
255,3,1,False,-1,True,3,2022-04-17,12:48:25
256,2,3,True,1,True,1,2022-04-17,12:48:25
257,2,3,False,-1,False,1,2022-04-17,12:48:25
258,1,2,False,-1,False,3,2022-04-17,12:48:25
259,1,2,True,3,False,1,2022-04-17,12:48:25
260,1,2,True,3,True,3,2022-04-17,12:48:25
261,3,2,False,-1,True,3,2022-04-17,12:48:25
262,2,3,True,1,True,1,2022-04-17,12:48:25
263,3,1,True,2,False,3,2022-04-17,12:48:25
264,2,3,True,1,False,2,2022-04-17,12:48:25
265,3,2,True,1,True,1,2022-04-17,12:48:25
266,1,3,True,2,False,1,2022-04-17,12:48:25
267,1,2,False,-1,True,1,2022-04-17,12:48:25
268,3,2,True,1,False,3,2022-04-17,12:48:25
269,2,1,False,-1,False,3,2022-04-17,12:48:25
270,1,2,False,-1,False,3,2022-04-17,12:48:25
271,1,2,False,-1,False,3,2022-04-17,12:48:25
272,2,1,True,3,True,3,2022-04-17,12:48:25
273,3,2,False,-1,False,1,2022-04-17,12:48:25
274,1,2,True,3,False,1,2022-04-17,12:48:25
275,2,1,False,-1,True,2,2022-04-17,12:48:25
276,3,1,False,-1,False,2,2022-04-17,12:48:25
277,2,1,False,-1,False,3,2022-04-17,12:48:25
278,1,3,False,-1,True,1,2022-04-17,12:48:25
279,2,3,False,-1,False,1,2022-04-17,12:48:25
280,1,2,False,-1,True,1,2022-04-17,12:48:25
281,3,1,True,2,True,2,2022-04-17,12:48:25
282,3,2,False,-1,False,1,2022-04-17,12:48:25
283,1,3,False,-1,False,2,2022-04-17,12:48:25
284,1,2,False,-1,False,3,2022-04-17,12:48:25
285,3,1,True,2,True,2,2022-04-17,12:48:25
286,3,1,True,2,True,2,2022-04-17,12:48:25
287,2,1,True,3,False,2,2022-04-17,12:48:25
288,3,2,False,-1,True,3,2022-04-17,12:48:25
289,2,1,True,3,False,2,2022-04-17,12:48:25
290,3,1,True,2,True,2,2022-04-17,12:48:25
291,2,1,True,3,True,3,2022-04-17,12:48:25
292,3,1,False,-1,False,2,2022-04-17,12:48:25
293,3,2,True,1,True,1,2022-04-17,12:48:25
294,1,2,True,3,False,1,2022-04-17,12:48:25
295,3,2,False,-1,False,1,2022-04-17,12:48:25
296,2,3,False,-1,False,1,2022-04-17,12:48:25
297,3,1,False,-1,False,2,2022-04-17,12:48:25
298,3,1,True,2,False,3,2022-04-17,12:48:25
299,1,3,True,2,True,2,2022-04-17,12:48:25
300,2,3,True,1,True,1,2022-04-17,12:48:25
301,1,3,False,-1,False,2,2022-04-17,12:48:25
302,2,3,False,-1,False,1,2022-04-17,12:48:25
303,1,3,True,2,True,2,2022-04-17,12:48:25
304,2,3,False,-1,True,2,2022-04-17,12:48:25
305,1,2,False,-1,True,1,2022-04-17,12:48:25
306,1,2,True,3,True,3,2022-04-17,12:48:25
307,1,3,False,-1,False,2,2022-04-17,12:48:25
308,1,2,True,3,False,1,2022-04-17,12:48:25
309,3,1,False,-1,True,3,2022-04-17,12:48:25
310,1,2,False,-1,True,1,2022-04-17,12:48:25
311,2,1,True,3,True,3,2022-04-17,12:48:25
312,1,3,True,2,True,2,2022-04-17,12:48:25
313,3,1,True,2,True,2,2022-04-17,12:48:25
314,2,1,False,-1,False,3,2022-04-17,12:48:25
315,1,2,False,-1,False,3,2022-04-17,12:48:25
316,3,1,True,2,True,2,2022-04-17,12:48:25
317,1,3,True,2,True,2,2022-04-17,12:48:25
318,2,1,False,-1,False,3,2022-04-17,12:48:25
319,3,2,False,-1,True,3,2022-04-17,12:48:25
320,3,2,False,-1,False,1,2022-04-17,12:48:25
321,1,3,False,-1,True,1,2022-04-17,12:48:25
322,3,2,False,-1,False,1,2022-04-17,12:48:25
323,1,3,True,2,False,1,2022-04-17,12:48:25
324,1,2,True,3,True,3,2022-04-17,12:48:25
325,3,1,False,-1,False,2,2022-04-17,12:48:25
326,2,1,False,-1,False,3,2022-04-17,12:48:25
327,3,1,True,2,True,2,2022-04-17,12:48:25
328,3,2,False,-1,False,1,2022-04-17,12:48:25
329,1,3,False,-1,False,2,2022-04-17,12:48:25
330,2,3,False,-1,False,1,2022-04-17,12:48:25
331,2,3,True,1,False,2,2022-04-17,12:48:25
332,2,3,True,1,True,1,2022-04-17,12:48:25
333,3,1,True,2,False,3,2022-04-17,12:48:25
334,1,3,True,2,False,1,2022-04-17,12:48:25
335,1,2,True,3,False,1,2022-04-17,12:48:25
336,3,1,False,-1,False,2,2022-04-17,12:48:25
337,2,3,False,-1,False,1,2022-04-17,12:48:25
338,2,3,False,-1,False,1,2022-04-17,12:48:25
339,3,1,True,2,True,2,2022-04-17,12:48:25
340,2,3,True,1,False,2,2022-04-17,12:48:25
341,1,3,True,2,True,2,2022-04-17,12:48:25
342,3,1,True,2,True,2,2022-04-17,12:48:25
343,2,3,False,-1,False,1,2022-04-17,12:48:25
344,2,3,True,1,True,1,2022-04-17,12:48:25
345,2,3,True,1,True,1,2022-04-17,12:48:25
346,3,2,False,-1,False,1,2022-04-17,12:48:25
347,3,1,False,-1,True,3,2022-04-17,12:48:25
348,3,1,False,-1,False,2,2022-04-17,12:48:25
349,3,1,True,2,True,2,2022-04-17,12:48:25
350,2,1,True,3,True,3,2022-04-17,12:48:25
351,1,3,False,-1,True,1,2022-04-17,12:48:25
352,3,2,True,1,False,3,2022-04-17,12:48:25
353,2,1,True,3,True,3,2022-04-17,12:48:25
354,2,1,False,-1,False,3,2022-04-17,12:48:25
355,2,1,False,-1,False,3,2022-04-17,12:48:25
356,1,3,True,2,False,1,2022-04-17,12:48:25
357,2,3,False,-1,True,2,2022-04-17,12:48:25
358,3,1,True,2,False,3,2022-04-17,12:48:25
359,2,1,True,3,False,2,2022-04-17,12:48:25
360,2,1,True,3,True,3,2022-04-17,12:48:25
361,2,1,False,-1,False,3,2022-04-17,12:48:25
362,3,2,False,-1,False,1,2022-04-17,12:48:25
363,1,3,False,-1,True,1,2022-04-17,12:48:25
364,3,1,True,2,True,2,2022-04-17,12:48:25
365,2,3,True,1,False,2,2022-04-17,12:48:25
366,2,1,False,-1,False,3,2022-04-17,12:48:25
367,3,2,True,1,False,3,2022-04-17,12:48:25
368,1,2,False,-1,True,1,2022-04-17,12:48:25
369,3,2,True,1,True,1,2022-04-17,12:48:25
370,3,1,True,2,True,2,2022-04-17,12:48:25
371,2,1,False,-1,False,3,2022-04-17,12:48:25
372,3,2,True,1,True,1,2022-04-17,12:48:25
373,1,2,False,-1,True,1,2022-04-17,12:48:25
374,2,3,False,-1,False,1,2022-04-17,12:48:25
375,2,1,False,-1,False,3,2022-04-17,12:48:25
376,2,3,True,1,True,1,2022-04-17,12:48:26
377,3,1,False,-1,False,2,2022-04-17,12:48:26
378,1,2,False,-1,False,3,2022-04-17,12:48:26
379,3,1,False,-1,False,2,2022-04-17,12:48:26
380,2,3,False,-1,False,1,2022-04-17,12:48:26
381,3,2,False,-1,True,3,2022-04-17,12:48:26
382,2,1,False,-1,False,3,2022-04-17,12:48:26
383,1,2,False,-1,False,3,2022-04-17,12:48:26
384,2,1,False,-1,True,2,2022-04-17,12:48:26
385,2,3,False,-1,False,1,2022-04-17,12:48:26
386,2,1,True,3,False,2,2022-04-17,12:48:26
387,3,1,True,2,True,2,2022-04-17,12:48:26
388,2,1,True,3,True,3,2022-04-17,12:48:26
389,1,3,True,2,True,2,2022-04-17,12:48:26
390,3,2,True,1,True,1,2022-04-17,12:48:26
391,2,3,True,1,True,1,2022-04-17,12:48:26
392,2,1,False,-1,False,3,2022-04-17,12:48:26
393,1,2,True,3,True,3,2022-04-17,12:48:26
394,2,3,True,1,True,1,2022-04-17,12:48:26
395,1,2,True,3,True,3,2022-04-17,12:48:26
396,1,3,True,2,False,1,2022-04-17,12:48:26
397,1,2,True,3,True,3,2022-04-17,12:48:26
398,3,1,True,2,True,2,2022-04-17,12:48:26
399,1,3,False,-1,False,2,2022-04-17,12:48:26
400,3,2,False,-1,False,1,2022-04-17,12:48:26
401,1,3,False,-1,False,2,2022-04-17,12:48:26
402,1,2,True,3,True,3,2022-04-17,12:48:26
403,3,1,True,2,True,2,2022-04-17,12:48:26
404,2,3,True,1,True,1,2022-04-17,12:48:26
405,2,3,False,-1,True,2,2022-04-17,12:48:26
406,1,3,False,-1,False,2,2022-04-17,12:48:26
407,2,1,True,3,True,3,2022-04-17,12:48:26
408,3,2,True,1,False,3,2022-04-17,12:48:26
409,3,2,True,1,True,1,2022-04-17,12:48:26
410,1,3,True,2,False,1,2022-04-17,12:48:26
411,2,1,False,-1,False,3,2022-04-17,12:48:26
412,3,1,True,2,False,3,2022-04-17,12:48:26
413,1,2,True,3,True,3,2022-04-17,12:48:26
414,1,2,True,3,True,3,2022-04-17,12:48:26
415,1,2,True,3,False,1,2022-04-17,12:48:26
416,2,1,False,-1,True,2,2022-04-17,12:48:26
417,1,2,True,3,True,3,2022-04-17,12:48:26
418,3,1,True,2,True,2,2022-04-17,12:48:26
419,3,2,False,-1,False,1,2022-04-17,12:48:26
420,2,3,False,-1,False,1,2022-04-17,12:48:26
421,2,3,True,1,True,1,2022-04-17,12:48:26
422,1,3,False,-1,False,2,2022-04-17,12:48:26
423,3,2,False,-1,False,1,2022-04-17,12:48:26
424,1,3,False,-1,False,2,2022-04-17,12:48:26
425,1,2,False,-1,False,3,2022-04-17,12:48:26
426,2,3,True,1,True,1,2022-04-17,12:48:26
427,3,2,False,-1,False,1,2022-04-17,12:48:26
428,1,3,True,2,False,1,2022-04-17,12:48:26
429,2,1,True,3,False,2,2022-04-17,12:48:26
430,1,3,False,-1,False,2,2022-04-17,12:48:26
431,2,3,True,1,False,2,2022-04-17,12:48:26
432,2,3,True,1,True,1,2022-04-17,12:48:26
433,2,1,True,3,True,3,2022-04-17,12:48:26
434,1,3,False,-1,False,2,2022-04-17,12:48:26
435,1,3,True,2,True,2,2022-04-17,12:48:26
436,2,1,True,3,True,3,2022-04-17,12:48:26
437,3,1,False,-1,True,3,2022-04-17,12:48:26
438,2,3,True,1,True,1,2022-04-17,12:48:26
439,3,1,False,-1,True,3,2022-04-17,12:48:26
440,3,1,True,2,True,2,2022-04-17,12:48:26
441,3,2,True,1,False,3,2022-04-17,12:48:26
442,1,2,False,-1,True,1,2022-04-17,12:48:26
443,2,1,False,-1,True,2,2022-04-17,12:48:26
444,1,2,True,3,False,1,2022-04-17,12:48:26
445,1,2,False,-1,False,3,2022-04-17,12:48:26
446,3,2,False,-1,False,1,2022-04-17,12:48:26
447,3,2,True,1,True,1,2022-04-17,12:48:26
448,2,3,False,-1,True,2,2022-04-17,12:48:26
449,1,3,False,-1,True,1,2022-04-17,12:48:26
450,3,2,True,1,False,3,2022-04-17,12:48:26
451,1,3,True,2,True,2,2022-04-17,12:48:26
452,1,3,False,-1,False,2,2022-04-17,12:48:26
453,3,2,False,-1,True,3,2022-04-17,12:48:26
454,2,3,False,-1,False,1,2022-04-17,12:48:26
455,2,1,False,-1,False,3,2022-04-17,12:48:26
456,2,1,False,-1,False,3,2022-04-17,12:48:26
457,1,3,False,-1,False,2,2022-04-17,12:48:26
458,2,1,False,-1,False,3,2022-04-17,12:48:26
459,3,1,True,2,True,2,2022-04-17,12:48:26
460,3,1,True,2,True,2,2022-04-17,12:48:26
461,2,3,False,-1,False,1,2022-04-17,12:48:26
462,3,2,False,-1,False,1,2022-04-17,12:48:26
463,1,3,True,2,False,1,2022-04-17,12:48:26
464,2,3,True,1,False,2,2022-04-17,12:48:26
465,3,1,True,2,True,2,2022-04-17,12:48:26
466,3,1,True,2,False,3,2022-04-17,12:48:26
467,3,1,True,2,False,3,2022-04-17,12:48:26
468,3,1,True,2,True,2,2022-04-17,12:48:26
469,3,2,True,1,True,1,2022-04-17,12:48:26
470,2,1,True,3,True,3,2022-04-17,12:48:26
471,1,2,True,3,True,3,2022-04-17,12:48:26
472,2,3,False,-1,False,1,2022-04-17,12:48:26
473,3,1,False,-1,True,3,2022-04-17,12:48:26
474,1,2,False,-1,False,3,2022-04-17,12:48:26
475,2,1,False,-1,False,3,2022-04-17,12:48:26
476,1,3,False,-1,True,1,2022-04-17,12:48:26
477,1,2,True,3,True,3,2022-04-17,12:48:26
478,2,3,False,-1,True,2,2022-04-17,12:48:26
479,2,3,False,-1,False,1,2022-04-17,12:48:26
480,2,1,False,-1,False,3,2022-04-17,12:48:26
481,1,3,True,2,True,2,2022-04-17,12:48:26
482,1,3,True,2,True,2,2022-04-17,12:48:26
483,1,3,False,-1,False,2,2022-04-17,12:48:26
484,2,1,True,3,False,2,2022-04-17,12:48:26
485,3,1,False,-1,False,2,2022-04-17,12:48:26
486,1,2,True,3,True,3,2022-04-17,12:48:26
487,3,1,False,-1,False,2,2022-04-17,12:48:26
488,3,1,False,-1,False,2,2022-04-17,12:48:26
489,3,2,False,-1,False,1,2022-04-17,12:48:26
490,3,1,False,-1,False,2,2022-04-17,12:48:26
491,2,3,True,1,False,2,2022-04-17,12:48:26
492,3,2,False,-1,False,1,2022-04-17,12:48:26
493,1,2,False,-1,True,1,2022-04-17,12:48:26
494,2,3,False,-1,True,2,2022-04-17,12:48:26
495,3,1,False,-1,True,3,2022-04-17,12:48:26
496,1,3,False,-1,False,2,2022-04-17,12:48:26
497,2,3,False,-1,False,1,2022-04-17,12:48:26
498,1,3,False,-1,False,2,2022-04-17,12:48:26
499,2,1,True,3,True,3,2022-04-17,12:48:26
500,1,2,False,-1,True,1,2022-04-17,12:48:26
501,3,2,False,-1,False,1,2022-04-17,12:48:26
502,3,2,False,-1,False,1,2022-04-17,12:48:26
503,1,2,True,3,True,3,2022-04-17,12:48:26
504,1,3,False,-1,False,2,2022-04-17,12:48:26
505,3,2,False,-1,True,3,2022-04-17,12:48:26
506,2,1,True,3,False,2,2022-04-17,12:48:26
507,3,2,False,-1,False,1,2022-04-17,12:48:26
508,1,2,True,3,True,3,2022-04-17,12:48:26
509,3,2,False,-1,False,1,2022-04-17,12:48:26
510,2,1,False,-1,False,3,2022-04-17,12:48:26
511,2,3,True,1,True,1,2022-04-17,12:48:26
512,1,3,True,2,True,2,2022-04-17,12:48:26
513,3,1,False,-1,True,3,2022-04-17,12:48:26
514,2,1,False,-1,False,3,2022-04-17,12:48:26
515,1,2,True,3,False,1,2022-04-17,12:48:26
516,3,2,True,1,True,1,2022-04-17,12:48:26
517,1,3,False,-1,True,1,2022-04-17,12:48:26
518,1,2,False,-1,False,3,2022-04-17,12:48:26
519,2,3,False,-1,True,2,2022-04-17,12:48:26
520,3,2,False,-1,False,1,2022-04-17,12:48:26
521,2,3,False,-1,False,1,2022-04-17,12:48:26
522,3,1,True,2,True,2,2022-04-17,12:48:26
523,3,2,True,1,True,1,2022-04-17,12:48:26
524,2,1,False,-1,False,3,2022-04-17,12:48:26
525,2,1,True,3,True,3,2022-04-17,12:48:26
526,1,2,False,-1,True,1,2022-04-17,12:48:26
527,3,1,True,2,True,2,2022-04-17,12:48:26
528,1,3,True,2,True,2,2022-04-17,12:48:26
529,3,2,False,-1,False,1,2022-04-17,12:48:26
530,1,2,False,-1,False,3,2022-04-17,12:48:26
531,2,1,False,-1,False,3,2022-04-17,12:48:26
532,2,1,True,3,True,3,2022-04-17,12:48:26
533,2,3,False,-1,False,1,2022-04-17,12:48:26
534,2,1,True,3,True,3,2022-04-17,12:48:26
535,3,2,False,-1,False,1,2022-04-17,12:48:26
536,3,2,False,-1,False,1,2022-04-17,12:48:26
537,1,2,True,3,True,3,2022-04-17,12:48:26
538,2,1,True,3,True,3,2022-04-17,12:48:26
539,2,3,True,1,True,1,2022-04-17,12:48:26
540,2,3,False,-1,True,2,2022-04-17,12:48:26
541,1,3,False,-1,True,1,2022-04-17,12:48:26
542,1,2,False,-1,True,1,2022-04-17,12:48:26
543,2,3,True,1,False,2,2022-04-17,12:48:26
544,2,3,False,-1,False,1,2022-04-17,12:48:26
545,1,3,True,2,True,2,2022-04-17,12:48:26
546,3,2,True,1,True,1,2022-04-17,12:48:26
547,1,3,False,-1,False,2,2022-04-17,12:48:26
548,3,2,True,1,False,3,2022-04-17,12:48:26
549,2,1,False,-1,True,2,2022-04-17,12:48:26
550,2,1,True,3,True,3,2022-04-17,12:48:26
551,1,2,False,-1,False,3,2022-04-17,12:48:26
552,1,2,True,3,True,3,2022-04-17,12:48:26
553,3,2,True,1,True,1,2022-04-17,12:48:26
554,3,1,True,2,False,3,2022-04-17,12:48:26
555,1,3,True,2,True,2,2022-04-17,12:48:26
556,3,1,True,2,True,2,2022-04-17,12:48:26
557,3,2,False,-1,False,1,2022-04-17,12:48:26
558,3,1,True,2,False,3,2022-04-17,12:48:26
559,2,3,False,-1,False,1,2022-04-17,12:48:26
560,3,2,True,1,True,1,2022-04-17,12:48:26
561,3,2,True,1,True,1,2022-04-17,12:48:26
562,2,1,False,-1,True,2,2022-04-17,12:48:26
563,3,2,True,1,False,3,2022-04-17,12:48:26
564,2,1,False,-1,False,3,2022-04-17,12:48:26
565,2,1,True,3,True,3,2022-04-17,12:48:26
566,2,3,False,-1,False,1,2022-04-17,12:48:26
567,1,3,True,2,False,1,2022-04-17,12:48:26
568,3,1,False,-1,True,3,2022-04-17,12:48:26
569,2,3,True,1,True,1,2022-04-17,12:48:26
570,3,1,True,2,False,3,2022-04-17,12:48:26
571,1,2,False,-1,False,3,2022-04-17,12:48:26
572,2,3,True,1,False,2,2022-04-17,12:48:26
573,3,2,True,1,True,1,2022-04-17,12:48:26
574,3,2,False,-1,True,3,2022-04-17,12:48:26
575,3,2,True,1,True,1,2022-04-17,12:48:26
576,1,2,False,-1,True,1,2022-04-17,12:48:26
577,3,1,True,2,True,2,2022-04-17,12:48:26
578,1,2,True,3,False,1,2022-04-17,12:48:26
579,3,2,True,1,True,1,2022-04-17,12:48:26
580,2,3,True,1,False,2,2022-04-17,12:48:26
581,3,1,False,-1,True,3,2022-04-17,12:48:26
582,2,3,False,-1,False,1,2022-04-17,12:48:26
583,2,3,False,-1,False,1,2022-04-17,12:48:26
584,3,1,False,-1,False,2,2022-04-17,12:48:26
585,1,3,True,2,False,1,2022-04-17,12:48:26
586,3,1,False,-1,False,2,2022-04-17,12:48:26
587,3,2,False,-1,False,1,2022-04-17,12:48:26
588,3,2,True,1,True,1,2022-04-17,12:48:26
589,2,3,False,-1,True,2,2022-04-17,12:48:26
590,3,1,True,2,False,3,2022-04-17,12:48:26
591,3,2,True,1,True,1,2022-04-17,12:48:26
592,1,2,False,-1,False,3,2022-04-17,12:48:26
593,2,3,True,1,False,2,2022-04-17,12:48:26
594,2,1,False,-1,False,3,2022-04-17,12:48:26
595,3,1,True,2,True,2,2022-04-17,12:48:26
596,3,1,False,-1,False,2,2022-04-17,12:48:26
597,1,2,False,-1,False,3,2022-04-17,12:48:26
598,1,2,True,3,False,1,2022-04-17,12:48:26
599,2,3,True,1,False,2,2022-04-17,12:48:26
600,3,2,True,1,False,3,2022-04-17,12:48:26
601,2,1,True,3,False,2,2022-04-17,12:48:26
602,2,3,True,1,True,1,2022-04-17,12:48:26
603,2,3,False,-1,True,2,2022-04-17,12:48:26
604,2,3,False,-1,True,2,2022-04-17,12:48:26
605,3,1,True,2,False,3,2022-04-17,12:48:26
606,2,1,False,-1,False,3,2022-04-17,12:48:26
607,3,1,True,2,False,3,2022-04-17,12:48:26
608,3,1,True,2,True,2,2022-04-17,12:48:26
609,1,2,False,-1,False,3,2022-04-17,12:48:26
610,2,1,False,-1,False,3,2022-04-17,12:48:26
611,3,2,True,1,True,1,2022-04-17,12:48:26
612,3,2,False,-1,False,1,2022-04-17,12:48:26
613,1,2,False,-1,True,1,2022-04-17,12:48:26
614,1,3,False,-1,False,2,2022-04-17,12:48:26
615,1,3,False,-1,False,2,2022-04-17,12:48:26
616,1,2,True,3,True,3,2022-04-17,12:48:26
617,1,3,False,-1,False,2,2022-04-17,12:48:26
618,3,1,True,2,True,2,2022-04-17,12:48:26
619,3,1,True,2,True,2,2022-04-17,12:48:26
620,3,2,True,1,True,1,2022-04-17,12:48:26
621,3,2,False,-1,False,1,2022-04-17,12:48:26
622,2,1,False,-1,False,3,2022-04-17,12:48:26
623,2,3,True,1,False,2,2022-04-17,12:48:26
624,3,2,True,1,True,1,2022-04-17,12:48:26
625,3,1,False,-1,False,2,2022-04-17,12:48:26
626,1,3,False,-1,False,2,2022-04-17,12:48:26
627,2,3,True,1,True,1,2022-04-17,12:48:26
628,3,1,True,2,False,3,2022-04-17,12:48:26
629,2,1,False,-1,False,3,2022-04-17,12:48:26
630,1,3,True,2,True,2,2022-04-17,12:48:26
631,2,1,True,3,False,2,2022-04-17,12:48:26
632,1,2,True,3,True,3,2022-04-17,12:48:26
633,2,3,False,-1,False,1,2022-04-17,12:48:26
634,1,3,True,2,False,1,2022-04-17,12:48:26
635,3,2,True,1,True,1,2022-04-17,12:48:26
636,1,2,False,-1,True,1,2022-04-17,12:48:26
637,3,1,True,2,True,2,2022-04-17,12:48:26
638,1,3,True,2,True,2,2022-04-17,12:48:26
639,1,2,True,3,True,3,2022-04-17,12:48:26
640,1,2,False,-1,True,1,2022-04-17,12:48:26
641,3,2,False,-1,True,3,2022-04-17,12:48:26
642,2,3,True,1,False,2,2022-04-17,12:48:26
643,3,2,True,1,False,3,2022-04-17,12:48:26
644,1,2,True,3,True,3,2022-04-17,12:48:26
645,2,3,False,-1,False,1,2022-04-17,12:48:26
646,1,2,False,-1,True,1,2022-04-17,12:48:26
647,3,1,True,2,True,2,2022-04-17,12:48:26
648,2,1,True,3,True,3,2022-04-17,12:48:26
649,2,3,False,-1,True,2,2022-04-17,12:48:26
650,2,3,False,-1,True,2,2022-04-17,12:48:26
651,2,3,True,1,True,1,2022-04-17,12:48:26
652,3,1,False,-1,True,3,2022-04-17,12:48:26
653,3,2,False,-1,True,3,2022-04-17,12:48:26
654,1,3,False,-1,True,1,2022-04-17,12:48:26
655,2,1,False,-1,False,3,2022-04-17,12:48:26
656,3,1,True,2,True,2,2022-04-17,12:48:26
657,1,3,False,-1,False,2,2022-04-17,12:48:26
658,3,1,True,2,True,2,2022-04-17,12:48:26
659,1,2,False,-1,False,3,2022-04-17,12:48:26
660,2,1,True,3,True,3,2022-04-17,12:48:26
661,3,1,True,2,True,2,2022-04-17,12:48:26
662,2,1,True,3,True,3,2022-04-17,12:48:26
663,3,1,False,-1,True,3,2022-04-17,12:48:26
664,2,1,False,-1,True,2,2022-04-17,12:48:26
665,1,3,True,2,True,2,2022-04-17,12:48:26
666,1,3,True,2,True,2,2022-04-17,12:48:26
667,3,2,False,-1,False,1,2022-04-17,12:48:26
668,3,2,False,-1,True,3,2022-04-17,12:48:26
669,2,1,True,3,True,3,2022-04-17,12:48:26
670,1,2,False,-1,True,1,2022-04-17,12:48:26
671,1,2,False,-1,True,1,2022-04-17,12:48:26
672,3,1,False,-1,False,2,2022-04-17,12:48:26
673,1,2,True,3,True,3,2022-04-17,12:48:26
674,1,2,False,-1,False,3,2022-04-17,12:48:26
675,3,1,False,-1,False,2,2022-04-17,12:48:26
676,2,1,True,3,True,3,2022-04-17,12:48:26
677,1,2,True,3,True,3,2022-04-17,12:48:26
678,2,1,False,-1,False,3,2022-04-17,12:48:26
679,3,1,False,-1,False,2,2022-04-17,12:48:26
680,1,3,False,-1,False,2,2022-04-17,12:48:26
681,2,3,False,-1,False,1,2022-04-17,12:48:26
682,1,3,True,2,True,2,2022-04-17,12:48:26
683,2,1,False,-1,True,2,2022-04-17,12:48:26
684,3,2,False,-1,False,1,2022-04-17,12:48:26
685,3,2,False,-1,True,3,2022-04-17,12:48:26
686,2,1,False,-1,True,2,2022-04-17,12:48:26
687,2,3,False,-1,True,2,2022-04-17,12:48:26
688,1,2,False,-1,False,3,2022-04-17,12:48:26
689,1,3,False,-1,False,2,2022-04-17,12:48:26
690,3,1,False,-1,True,3,2022-04-17,12:48:26
691,3,1,True,2,True,2,2022-04-17,12:48:26
692,1,2,False,-1,True,1,2022-04-17,12:48:26
693,3,1,True,2,True,2,2022-04-17,12:48:26
694,3,2,False,-1,True,3,2022-04-17,12:48:26
695,3,1,False,-1,False,2,2022-04-17,12:48:26
696,1,3,True,2,False,1,2022-04-17,12:48:26
697,2,1,True,3,True,3,2022-04-17,12:48:26
698,2,3,False,-1,False,1,2022-04-17,12:48:26
699,3,2,False,-1,False,1,2022-04-17,12:48:26
700,1,3,True,2,True,2,2022-04-17,12:48:26
701,3,2,False,-1,False,1,2022-04-17,12:48:26
702,3,1,False,-1,True,3,2022-04-17,12:48:26
703,1,2,True,3,True,3,2022-04-17,12:48:26
704,1,3,True,2,True,2,2022-04-17,12:48:26
705,1,2,False,-1,True,1,2022-04-17,12:48:26
706,3,2,False,-1,True,3,2022-04-17,12:48:26
707,1,2,True,3,True,3,2022-04-17,12:48:26
708,1,2,True,3,True,3,2022-04-17,12:48:26
709,2,3,True,1,True,1,2022-04-17,12:48:26
710,2,1,False,-1,True,2,2022-04-17,12:48:26
711,3,2,False,-1,False,1,2022-04-17,12:48:26
712,2,1,False,-1,True,2,2022-04-17,12:48:26
713,1,2,False,-1,False,3,2022-04-17,12:48:26
714,3,2,True,1,True,1,2022-04-17,12:48:26
715,3,2,True,1,True,1,2022-04-17,12:48:26
716,3,2,True,1,True,1,2022-04-17,12:48:26
717,2,1,True,3,False,2,2022-04-17,12:48:26
718,1,2,True,3,True,3,2022-04-17,12:48:26
719,3,1,True,2,False,3,2022-04-17,12:48:26
720,1,3,True,2,True,2,2022-04-17,12:48:26
721,3,2,False,-1,False,1,2022-04-17,12:48:26
722,1,3,False,-1,True,1,2022-04-17,12:48:26
723,2,1,False,-1,True,2,2022-04-17,12:48:26
724,2,3,True,1,True,1,2022-04-17,12:48:26
725,3,2,False,-1,True,3,2022-04-17,12:48:26
726,3,2,True,1,True,1,2022-04-17,12:48:26
727,1,2,True,3,True,3,2022-04-17,12:48:26
728,1,2,True,3,False,1,2022-04-17,12:48:26
729,1,2,True,3,True,3,2022-04-17,12:48:26
730,3,1,True,2,False,3,2022-04-17,12:48:26
731,3,2,False,-1,True,3,2022-04-17,12:48:26
732,3,2,False,-1,False,1,2022-04-17,12:48:26
733,2,1,False,-1,False,3,2022-04-17,12:48:26
734,2,3,True,1,True,1,2022-04-17,12:48:26
735,1,3,True,2,True,2,2022-04-17,12:48:26
736,3,2,True,1,False,3,2022-04-17,12:48:26
737,3,2,True,1,True,1,2022-04-17,12:48:26
738,1,3,True,2,True,2,2022-04-17,12:48:26
739,3,2,True,1,False,3,2022-04-17,12:48:26
740,1,2,False,-1,False,3,2022-04-17,12:48:26
741,2,1,False,-1,True,2,2022-04-17,12:48:26
742,2,1,True,3,True,3,2022-04-17,12:48:26
743,3,1,False,-1,True,3,2022-04-17,12:48:26
744,1,2,True,3,True,3,2022-04-17,12:48:26
745,2,1,False,-1,False,3,2022-04-17,12:48:26
746,2,3,True,1,True,1,2022-04-17,12:48:26
747,2,1,True,3,False,2,2022-04-17,12:48:26
748,2,3,False,-1,True,2,2022-04-17,12:48:26
749,1,2,False,-1,False,3,2022-04-17,12:48:26
750,3,2,False,-1,False,1,2022-04-17,12:48:26
751,3,1,False,-1,True,3,2022-04-17,12:48:26
752,3,2,False,-1,False,1,2022-04-17,12:48:26
753,1,2,True,3,True,3,2022-04-17,12:48:26
754,3,1,True,2,True,2,2022-04-17,12:48:26
755,2,3,True,1,False,2,2022-04-17,12:48:26
756,1,3,True,2,False,1,2022-04-17,12:48:26
757,3,1,True,2,True,2,2022-04-17,12:48:26
758,3,1,False,-1,False,2,2022-04-17,12:48:26
759,3,1,True,2,False,3,2022-04-17,12:48:26
760,1,2,True,3,True,3,2022-04-17,12:48:26
761,1,3,False,-1,False,2,2022-04-17,12:48:26
762,2,1,False,-1,True,2,2022-04-17,12:48:26
763,1,3,False,-1,False,2,2022-04-17,12:48:26
764,1,2,True,3,False,1,2022-04-17,12:48:26
765,1,3,True,2,False,1,2022-04-17,12:48:26
766,1,2,False,-1,True,1,2022-04-17,12:48:26
767,3,2,True,1,True,1,2022-04-17,12:48:26
768,1,2,False,-1,False,3,2022-04-17,12:48:26
769,1,2,False,-1,True,1,2022-04-17,12:48:26
770,1,2,True,3,True,3,2022-04-17,12:48:26
771,1,2,False,-1,False,3,2022-04-17,12:48:26
772,2,3,False,-1,False,1,2022-04-17,12:48:26
773,3,1,False,-1,False,2,2022-04-17,12:48:26
774,2,3,True,1,True,1,2022-04-17,12:48:26
775,3,1,False,-1,False,2,2022-04-17,12:48:26
776,1,2,False,-1,True,1,2022-04-17,12:48:26
777,1,2,False,-1,False,3,2022-04-17,12:48:26
778,1,3,True,2,False,1,2022-04-17,12:48:26
779,3,2,True,1,True,1,2022-04-17,12:48:26
780,3,1,True,2,False,3,2022-04-17,12:48:26
781,2,1,True,3,True,3,2022-04-17,12:48:26
782,2,3,False,-1,False,1,2022-04-17,12:48:26
783,3,1,False,-1,False,2,2022-04-17,12:48:26
784,2,1,False,-1,False,3,2022-04-17,12:48:26
785,2,1,True,3,True,3,2022-04-17,12:48:26
786,1,3,True,2,True,2,2022-04-17,12:48:26
787,3,2,False,-1,False,1,2022-04-17,12:48:26
788,2,3,False,-1,False,1,2022-04-17,12:48:26
789,3,1,False,-1,False,2,2022-04-17,12:48:26
790,2,1,False,-1,False,3,2022-04-17,12:48:26
791,1,2,False,-1,False,3,2022-04-17,12:48:26
792,2,3,True,1,True,1,2022-04-17,12:48:26
793,2,1,False,-1,True,2,2022-04-17,12:48:26
794,3,2,True,1,True,1,2022-04-17,12:48:26
795,1,2,False,-1,False,3,2022-04-17,12:48:26
796,1,2,True,3,True,3,2022-04-17,12:48:26
797,3,2,True,1,True,1,2022-04-17,12:48:26
798,3,2,True,1,True,1,2022-04-17,12:48:26
799,3,2,True,1,True,1,2022-04-17,12:48:26
800,1,3,False,-1,False,2,2022-04-17,12:48:26
801,2,1,False,-1,False,3,2022-04-17,12:48:26
802,2,3,False,-1,False,1,2022-04-17,12:48:26
803,1,3,True,2,True,2,2022-04-17,12:48:26
804,2,1,False,-1,False,3,2022-04-17,12:48:26
805,2,3,False,-1,False,1,2022-04-17,12:48:26
806,3,2,True,1,True,1,2022-04-17,12:48:26
807,2,1,False,-1,True,2,2022-04-17,12:48:26
808,3,1,True,2,False,3,2022-04-17,12:48:26
809,1,2,True,3,True,3,2022-04-17,12:48:26
810,3,1,True,2,True,2,2022-04-17,12:48:26
811,3,1,False,-1,True,3,2022-04-17,12:48:26
812,2,3,False,-1,True,2,2022-04-17,12:48:26
813,2,3,False,-1,False,1,2022-04-17,12:48:26
814,2,1,True,3,False,2,2022-04-17,12:48:26
815,2,3,True,1,False,2,2022-04-17,12:48:26
816,1,2,False,-1,False,3,2022-04-17,12:48:26
817,1,3,True,2,False,1,2022-04-17,12:48:26
818,1,3,True,2,False,1,2022-04-17,12:48:26
819,1,3,True,2,False,1,2022-04-17,12:48:26
820,1,2,True,3,False,1,2022-04-17,12:48:26
821,3,2,False,-1,True,3,2022-04-17,12:48:26
822,3,2,False,-1,False,1,2022-04-17,12:48:26
823,1,3,True,2,False,1,2022-04-17,12:48:26
824,3,1,True,2,False,3,2022-04-17,12:48:26
825,3,2,True,1,True,1,2022-04-17,12:48:26
826,3,2,True,1,True,1,2022-04-17,12:48:26
827,3,1,True,2,True,2,2022-04-17,12:48:26
828,1,3,False,-1,True,1,2022-04-17,12:48:26
829,3,2,True,1,False,3,2022-04-17,12:48:26
830,2,3,True,1,False,2,2022-04-17,12:48:26
831,1,2,False,-1,False,3,2022-04-17,12:48:26
832,3,1,True,2,True,2,2022-04-17,12:48:26
833,1,3,False,-1,False,2,2022-04-17,12:48:26
834,2,3,True,1,True,1,2022-04-17,12:48:26
835,1,2,False,-1,True,1,2022-04-17,12:48:26
836,2,1,True,3,False,2,2022-04-17,12:48:26
837,1,3,False,-1,False,2,2022-04-17,12:48:26
838,2,1,False,-1,False,3,2022-04-17,12:48:26
839,2,1,True,3,True,3,2022-04-17,12:48:26
840,2,1,True,3,True,3,2022-04-17,12:48:26
841,1,2,True,3,True,3,2022-04-17,12:48:26
842,3,1,False,-1,False,2,2022-04-17,12:48:26
843,3,1,True,2,True,2,2022-04-17,12:48:26
844,2,3,True,1,True,1,2022-04-17,12:48:26
845,1,3,True,2,True,2,2022-04-17,12:48:26
846,1,3,False,-1,False,2,2022-04-17,12:48:26
847,2,1,False,-1,True,2,2022-04-17,12:48:26
848,1,2,True,3,False,1,2022-04-17,12:48:26
849,2,1,False,-1,True,2,2022-04-17,12:48:26
850,1,2,False,-1,False,3,2022-04-17,12:48:26
851,1,2,True,3,False,1,2022-04-17,12:48:26
852,1,2,True,3,True,3,2022-04-17,12:48:26
853,3,2,False,-1,False,1,2022-04-17,12:48:26
854,2,3,True,1,True,1,2022-04-17,12:48:26
855,3,2,True,1,True,1,2022-04-17,12:48:26
856,3,1,True,2,False,3,2022-04-17,12:48:26
857,3,2,True,1,True,1,2022-04-17,12:48:26
858,3,1,True,2,True,2,2022-04-17,12:48:26
859,3,1,False,-1,False,2,2022-04-17,12:48:26
860,3,2,False,-1,False,1,2022-04-17,12:48:26
861,2,1,False,-1,True,2,2022-04-17,12:48:26
862,1,3,False,-1,False,2,2022-04-17,12:48:27
863,3,1,True,2,False,3,2022-04-17,12:48:27
864,2,3,False,-1,False,1,2022-04-17,12:48:27
865,3,2,True,1,True,1,2022-04-17,12:48:27
866,1,3,False,-1,False,2,2022-04-17,12:48:27
867,3,2,True,1,True,1,2022-04-17,12:48:27
868,3,2,False,-1,False,1,2022-04-17,12:48:27
869,3,2,True,1,True,1,2022-04-17,12:48:27
870,1,3,True,2,False,1,2022-04-17,12:48:27
871,3,1,False,-1,True,3,2022-04-17,12:48:27
872,3,2,True,1,True,1,2022-04-17,12:48:27
873,3,2,False,-1,False,1,2022-04-17,12:48:27
874,2,3,True,1,True,1,2022-04-17,12:48:27
875,3,1,True,2,True,2,2022-04-17,12:48:27
876,3,2,True,1,True,1,2022-04-17,12:48:27
877,1,2,True,3,True,3,2022-04-17,12:48:27
878,2,1,False,-1,False,3,2022-04-17,12:48:27
879,1,2,False,-1,False,3,2022-04-17,12:48:27
880,3,2,True,1,True,1,2022-04-17,12:48:27
881,3,2,True,1,True,1,2022-04-17,12:48:27
882,3,1,False,-1,True,3,2022-04-17,12:48:27
883,3,1,False,-1,False,2,2022-04-17,12:48:27
884,1,2,False,-1,False,3,2022-04-17,12:48:27
885,3,2,True,1,True,1,2022-04-17,12:48:27
886,1,3,False,-1,False,2,2022-04-17,12:48:27
887,2,3,True,1,False,2,2022-04-17,12:48:27
888,3,1,True,2,True,2,2022-04-17,12:48:27
889,2,3,True,1,False,2,2022-04-17,12:48:27
890,2,1,False,-1,True,2,2022-04-17,12:48:27
891,1,2,True,3,False,1,2022-04-17,12:48:27
892,1,2,False,-1,False,3,2022-04-17,12:48:27
893,2,1,True,3,False,2,2022-04-17,12:48:27
894,3,1,True,2,True,2,2022-04-17,12:48:27
895,1,3,False,-1,True,1,2022-04-17,12:48:27
896,1,2,False,-1,True,1,2022-04-17,12:48:27
897,2,1,True,3,True,3,2022-04-17,12:48:27
898,3,2,False,-1,False,1,2022-04-17,12:48:27
899,2,1,False,-1,False,3,2022-04-17,12:48:27
900,2,3,True,1,False,2,2022-04-17,12:48:27
901,1,3,False,-1,False,2,2022-04-17,12:48:27
902,2,3,True,1,True,1,2022-04-17,12:48:27
903,2,3,True,1,True,1,2022-04-17,12:48:27
904,1,3,True,2,True,2,2022-04-17,12:48:27
905,2,1,True,3,True,3,2022-04-17,12:48:27
906,1,2,True,3,True,3,2022-04-17,12:48:27
907,3,2,True,1,True,1,2022-04-17,12:48:27
908,1,3,False,-1,False,2,2022-04-17,12:48:27
909,3,1,True,2,True,2,2022-04-17,12:48:27
910,1,2,False,-1,True,1,2022-04-17,12:48:27
911,2,3,False,-1,False,1,2022-04-17,12:48:27
912,3,2,True,1,True,1,2022-04-17,12:48:27
913,2,3,True,1,False,2,2022-04-17,12:48:27
914,1,3,False,-1,True,1,2022-04-17,12:48:27
915,1,3,False,-1,False,2,2022-04-17,12:48:27
916,1,2,True,3,True,3,2022-04-17,12:48:27
917,2,3,True,1,False,2,2022-04-17,12:48:27
918,1,3,False,-1,False,2,2022-04-17,12:48:27
919,1,2,False,-1,True,1,2022-04-17,12:48:27
920,3,2,True,1,True,1,2022-04-17,12:48:27
921,1,2,True,3,True,3,2022-04-17,12:48:27
922,3,1,False,-1,False,2,2022-04-17,12:48:27
923,3,1,True,2,True,2,2022-04-17,12:48:27
924,3,2,True,1,False,3,2022-04-17,12:48:27
925,2,3,True,1,True,1,2022-04-17,12:48:27
926,2,3,True,1,False,2,2022-04-17,12:48:27
927,2,1,True,3,False,2,2022-04-17,12:48:27
928,3,2,False,-1,False,1,2022-04-17,12:48:27
929,2,3,False,-1,False,1,2022-04-17,12:48:27
930,3,1,True,2,True,2,2022-04-17,12:48:27
931,3,2,True,1,True,1,2022-04-17,12:48:27
932,2,1,False,-1,True,2,2022-04-17,12:48:27
933,1,2,False,-1,False,3,2022-04-17,12:48:27
934,2,3,False,-1,False,1,2022-04-17,12:48:27
935,3,2,False,-1,True,3,2022-04-17,12:48:27
936,1,3,True,2,False,1,2022-04-17,12:48:27
937,3,1,True,2,True,2,2022-04-17,12:48:27
938,3,2,True,1,True,1,2022-04-17,12:48:27
939,2,3,True,1,True,1,2022-04-17,12:48:27
940,2,3,False,-1,False,1,2022-04-17,12:48:27
941,2,3,True,1,True,1,2022-04-17,12:48:27
942,1,2,True,3,False,1,2022-04-17,12:48:27
943,2,1,True,3,True,3,2022-04-17,12:48:27
944,1,3,False,-1,False,2,2022-04-17,12:48:27
945,3,2,False,-1,False,1,2022-04-17,12:48:27
946,2,1,True,3,True,3,2022-04-17,12:48:27
947,1,3,True,2,False,1,2022-04-17,12:48:27
948,3,1,True,2,False,3,2022-04-17,12:48:27
949,1,3,False,-1,False,2,2022-04-17,12:48:27
950,1,3,False,-1,False,2,2022-04-17,12:48:27
951,1,2,True,3,True,3,2022-04-17,12:48:27
952,3,1,False,-1,False,2,2022-04-17,12:48:27
953,2,1,True,3,True,3,2022-04-17,12:48:27
954,3,1,True,2,True,2,2022-04-17,12:48:27
955,2,3,True,1,True,1,2022-04-17,12:48:27
956,3,1,False,-1,False,2,2022-04-17,12:48:27
957,3,2,True,1,False,3,2022-04-17,12:48:27
958,2,3,False,-1,False,1,2022-04-17,12:48:27
959,1,3,False,-1,False,2,2022-04-17,12:48:27
960,3,2,False,-1,False,1,2022-04-17,12:48:27
961,2,3,False,-1,False,1,2022-04-17,12:48:27
962,3,2,False,-1,False,1,2022-04-17,12:48:27
963,2,3,True,1,True,1,2022-04-17,12:48:27
964,3,1,False,-1,False,2,2022-04-17,12:48:27
965,3,1,False,-1,False,2,2022-04-17,12:48:27
966,3,1,True,2,False,3,2022-04-17,12:48:27
967,2,3,False,-1,False,1,2022-04-17,12:48:27
968,1,3,True,2,True,2,2022-04-17,12:48:27
969,2,3,False,-1,False,1,2022-04-17,12:48:27
970,1,3,True,2,True,2,2022-04-17,12:48:27
971,3,2,False,-1,False,1,2022-04-17,12:48:27
972,2,1,True,3,True,3,2022-04-17,12:48:27
973,2,1,True,3,False,2,2022-04-17,12:48:27
974,3,2,False,-1,True,3,2022-04-17,12:48:27
975,3,1,False,-1,True,3,2022-04-17,12:48:27
976,1,2,True,3,True,3,2022-04-17,12:48:27
977,2,3,True,1,False,2,2022-04-17,12:48:27
978,2,3,False,-1,False,1,2022-04-17,12:48:27
979,1,2,False,-1,False,3,2022-04-17,12:48:27
980,2,1,False,-1,True,2,2022-04-17,12:48:27
981,2,1,True,3,True,3,2022-04-17,12:48:27
982,3,1,False,-1,True,3,2022-04-17,12:48:27
983,1,3,True,2,True,2,2022-04-17,12:48:27
984,1,2,False,-1,False,3,2022-04-17,12:48:27
985,1,3,False,-1,True,1,2022-04-17,12:48:27
986,2,3,True,1,True,1,2022-04-17,12:48:27
987,1,2,False,-1,False,3,2022-04-17,12:48:27
988,3,1,True,2,True,2,2022-04-17,12:48:27
989,1,2,True,3,True,3,2022-04-17,12:48:27
990,3,2,True,1,True,1,2022-04-17,12:48:27
991,3,1,False,-1,False,2,2022-04-17,12:48:27
992,2,1,True,3,True,3,2022-04-17,12:48:27
993,3,2,True,1,False,3,2022-04-17,12:48:27
994,1,3,True,2,True,2,2022-04-17,12:48:27
995,3,2,True,1,False,3,2022-04-17,12:48:27
996,3,1,True,2,False,3,2022-04-17,12:48:27
997,3,1,False,-1,False,2,2022-04-17,12:48:27
998,2,3,True,1,True,1,2022-04-17,12:48:27
999,1,2,True,3,False,1,2022-04-17,12:48:27
1000,1,3,False,-1,True,1,2022-04-17,12:48:27
1001,2,3,True,1,False,2,2022-04-17,12:48:27
1002,1,2,True,3,False,1,2022-04-17,12:48:27
1003,1,3,True,2,False,1,2022-04-17,12:48:27
1004,1,2,False,-1,False,3,2022-04-17,12:48:27
1005,2,3,False,-1,False,1,2022-04-17,12:48:27
1006,1,3,False,-1,False,2,2022-04-17,12:48:27
1007,1,3,True,2,True,2,2022-04-17,12:48:27
1008,1,3,False,-1,True,1,2022-04-17,12:48:27
1009,1,2,True,3,True,3,2022-04-17,12:48:27
1010,1,2,True,3,True,3,2022-04-17,12:48:27
1011,2,1,True,3,False,2,2022-04-17,12:48:27
1012,1,2,True,3,True,3,2022-04-17,12:48:27
1013,2,1,True,3,True,3,2022-04-17,12:48:27
1014,2,3,False,-1,True,2,2022-04-17,12:48:27
1015,3,1,True,2,True,2,2022-04-17,12:48:27
1016,3,1,True,2,True,2,2022-04-17,12:48:27
1017,3,1,False,-1,False,2,2022-04-17,12:48:27
1018,1,2,False,-1,True,1,2022-04-17,12:48:27
1019,3,2,True,1,False,3,2022-04-17,12:48:27
1020,2,3,True,1,True,1,2022-04-17,12:48:27
1021,2,1,False,-1,False,3,2022-04-17,12:48:27
1022,2,3,True,1,True,1,2022-04-17,12:48:27
1023,2,3,True,1,False,2,2022-04-17,12:48:27
1024,2,3,True,1,True,1,2022-04-17,12:48:27
1025,2,1,False,-1,True,2,2022-04-17,12:48:27
1026,2,1,True,3,True,3,2022-04-17,12:48:27
1027,1,3,True,2,True,2,2022-04-17,12:48:27
1028,3,2,True,1,True,1,2022-04-17,12:48:27
1029,2,1,False,-1,True,2,2022-04-17,12:48:27
1030,1,3,False,-1,False,2,2022-04-17,12:48:27
1031,3,1,False,-1,True,3,2022-04-17,12:48:27
1032,1,2,False,-1,False,3,2022-04-17,12:48:27
1033,2,1,True,3,True,3,2022-04-17,12:48:27
1034,1,2,True,3,False,1,2022-04-17,12:48:27
1035,3,2,False,-1,False,1,2022-04-17,12:48:27
1036,3,2,True,1,False,3,2022-04-17,12:48:27
1037,2,1,False,-1,False,3,2022-04-17,12:48:27
1038,3,2,True,1,False,3,2022-04-17,12:48:27
1039,3,2,True,1,True,1,2022-04-17,12:48:27
1040,3,1,True,2,True,2,2022-04-17,12:48:27
1041,1,3,True,2,False,1,2022-04-17,12:48:27
1042,2,1,False,-1,False,3,2022-04-17,12:48:27
1043,1,3,False,-1,False,2,2022-04-17,12:48:27
1044,1,3,False,-1,False,2,2022-04-17,12:48:27
1045,3,2,False,-1,False,1,2022-04-17,12:48:27
1046,2,1,True,3,False,2,2022-04-17,12:48:27
1047,1,3,False,-1,False,2,2022-04-17,12:48:27
1048,3,2,False,-1,False,1,2022-04-17,12:48:27
1049,3,2,True,1,False,3,2022-04-17,12:48:27
1050,1,2,True,3,False,1,2022-04-17,12:48:27
1051,1,2,True,3,True,3,2022-04-17,12:48:27
1052,1,3,False,-1,False,2,2022-04-17,12:48:27
1053,3,2,True,1,True,1,2022-04-17,12:48:27
1054,2,3,True,1,False,2,2022-04-17,12:48:27
1055,1,2,True,3,True,3,2022-04-17,12:48:27
1056,3,2,False,-1,True,3,2022-04-17,12:48:27
1057,3,2,False,-1,True,3,2022-04-17,12:48:27
1058,2,1,True,3,True,3,2022-04-17,12:48:27
1059,2,1,True,3,True,3,2022-04-17,12:48:27
1060,1,3,False,-1,False,2,2022-04-17,12:48:27
1061,1,2,False,-1,False,3,2022-04-17,12:48:27
1062,2,1,False,-1,False,3,2022-04-17,12:48:27
1063,3,2,False,-1,True,3,2022-04-17,12:48:27
1064,2,3,False,-1,False,1,2022-04-17,12:48:27
1065,2,3,True,1,True,1,2022-04-17,12:48:27
1066,1,2,False,-1,False,3,2022-04-17,12:48:27
1067,2,3,False,-1,True,2,2022-04-17,12:48:27
1068,1,2,False,-1,False,3,2022-04-17,12:48:27
1069,1,2,False,-1,True,1,2022-04-17,12:48:27
1070,3,1,True,2,True,2,2022-04-17,12:48:27
1071,1,2,False,-1,True,1,2022-04-17,12:48:27
1072,1,3,False,-1,True,1,2022-04-17,12:48:27
1073,2,3,True,1,True,1,2022-04-17,12:48:27
1074,1,3,True,2,True,2,2022-04-17,12:48:27
1075,2,1,True,3,True,3,2022-04-17,12:48:27
1076,2,3,True,1,True,1,2022-04-17,12:48:27
1077,2,3,False,-1,False,1,2022-04-17,12:48:27
1078,3,1,True,2,True,2,2022-04-17,12:48:27
1079,1,3,True,2,True,2,2022-04-17,12:48:27
1080,2,1,False,-1,True,2,2022-04-17,12:48:27
1081,2,1,False,-1,True,2,2022-04-17,12:48:27
1082,1,3,True,2,True,2,2022-04-17,12:48:27
1083,3,1,False,-1,False,2,2022-04-17,12:48:27
1084,1,3,True,2,True,2,2022-04-17,12:48:27
1085,2,1,True,3,False,2,2022-04-17,12:48:27
1086,2,1,False,-1,False,3,2022-04-17,12:48:27
1087,3,2,False,-1,False,1,2022-04-17,12:48:27
1088,1,2,True,3,False,1,2022-04-17,12:48:27
1089,3,1,False,-1,False,2,2022-04-17,12:48:27
1090,2,3,True,1,True,1,2022-04-17,12:48:27
1091,2,1,True,3,False,2,2022-04-17,12:48:27
1092,2,1,False,-1,True,2,2022-04-17,12:48:27
1093,2,3,False,-1,False,1,2022-04-17,12:48:27
1094,1,2,False,-1,False,3,2022-04-17,12:48:27
1095,3,2,False,-1,False,1,2022-04-17,12:48:27
1096,3,1,False,-1,False,2,2022-04-17,12:48:27
1097,3,1,False,-1,False,2,2022-04-17,12:48:27
1098,1,2,True,3,True,3,2022-04-17,12:48:27
1099,2,3,True,1,False,2,2022-04-17,12:48:27
1100,3,1,False,-1,False,2,2022-04-17,12:48:27
1101,1,3,False,-1,True,1,2022-04-17,12:48:27
1102,2,1,False,-1,True,2,2022-04-17,12:48:27
1103,1,2,False,-1,False,3,2022-04-17,12:48:27
1104,3,1,False,-1,False,2,2022-04-17,12:48:27
1105,3,2,True,1,True,1,2022-04-17,12:48:27
1106,2,3,True,1,False,2,2022-04-17,12:48:27
1107,2,1,True,3,True,3,2022-04-17,12:48:27
1108,2,1,True,3,True,3,2022-04-17,12:48:27
1109,2,1,False,-1,True,2,2022-04-17,12:48:27
1110,2,1,True,3,True,3,2022-04-17,12:48:27
1111,2,3,False,-1,False,1,2022-04-17,12:48:27
1112,3,2,True,1,False,3,2022-04-17,12:48:27
1113,1,3,False,-1,False,2,2022-04-17,12:48:27
1114,2,1,False,-1,True,2,2022-04-17,12:48:27
1115,2,3,False,-1,False,1,2022-04-17,12:48:27
1116,3,1,False,-1,True,3,2022-04-17,12:48:27
1117,1,2,False,-1,False,3,2022-04-17,12:48:27
1118,1,2,True,3,True,3,2022-04-17,12:48:27
1119,3,1,True,2,True,2,2022-04-17,12:48:27
1120,3,1,False,-1,False,2,2022-04-17,12:48:27
1121,1,3,True,2,True,2,2022-04-17,12:48:27
1122,1,3,True,2,True,2,2022-04-17,12:48:27
1123,2,3,False,-1,False,1,2022-04-17,12:48:27
1124,3,1,False,-1,False,2,2022-04-17,12:48:27
1125,2,3,False,-1,False,1,2022-04-17,12:48:27
1126,1,2,False,-1,True,1,2022-04-17,12:48:27
1127,1,3,False,-1,False,2,2022-04-17,12:48:27
1128,1,2,True,3,True,3,2022-04-17,12:48:27
1129,1,2,False,-1,False,3,2022-04-17,12:48:27
1130,1,3,False,-1,True,1,2022-04-17,12:48:27
1131,2,1,False,-1,True,2,2022-04-17,12:48:27
1132,3,1,False,-1,True,3,2022-04-17,12:48:27
1133,2,1,False,-1,False,3,2022-04-17,12:48:27
1134,3,2,False,-1,False,1,2022-04-17,12:48:27
1135,2,3,True,1,True,1,2022-04-17,12:48:27
1136,2,3,False,-1,False,1,2022-04-17,12:48:27
1137,2,3,False,-1,True,2,2022-04-17,12:48:27
1138,1,2,False,-1,False,3,2022-04-17,12:48:27
1139,1,2,False,-1,False,3,2022-04-17,12:48:27
1140,3,1,False,-1,False,2,2022-04-17,12:48:27
1141,3,1,False,-1,False,2,2022-04-17,12:48:27
1142,1,2,True,3,True,3,2022-04-17,12:48:27
1143,3,1,False,-1,False,2,2022-04-17,12:48:27
1144,1,3,True,2,False,1,2022-04-17,12:48:27
1145,1,3,False,-1,False,2,2022-04-17,12:48:27
1146,1,3,True,2,True,2,2022-04-17,12:48:27
1147,2,1,False,-1,False,3,2022-04-17,12:48:27
1148,2,1,True,3,True,3,2022-04-17,12:48:27
1149,1,3,True,2,False,1,2022-04-17,12:48:27
1150,3,2,False,-1,True,3,2022-04-17,12:48:27
1151,1,2,True,3,False,1,2022-04-17,12:48:27
1152,2,3,True,1,True,1,2022-04-17,12:48:27
1153,1,2,True,3,False,1,2022-04-17,12:48:27
1154,1,3,False,-1,False,2,2022-04-17,12:48:27
1155,1,2,True,3,True,3,2022-04-17,12:48:27
1156,3,2,False,-1,False,1,2022-04-17,12:48:27
1157,1,3,True,2,True,2,2022-04-17,12:48:27
1158,3,2,False,-1,False,1,2022-04-17,12:48:27
1159,1,3,True,2,True,2,2022-04-17,12:48:27
1160,3,2,True,1,True,1,2022-04-17,12:48:27
1161,3,1,True,2,True,2,2022-04-17,12:48:27
1162,3,2,True,1,True,1,2022-04-17,12:48:27
1163,3,2,False,-1,False,1,2022-04-17,12:48:27
1164,2,1,True,3,True,3,2022-04-17,12:48:27
1165,2,3,False,-1,False,1,2022-04-17,12:48:27
1166,3,1,True,2,True,2,2022-04-17,12:48:27
1167,2,3,True,1,False,2,2022-04-17,12:48:27
1168,3,1,True,2,True,2,2022-04-17,12:48:27
1169,1,2,True,3,False,1,2022-04-17,12:48:27
1170,3,2,False,-1,False,1,2022-04-17,12:48:27
1171,1,2,False,-1,True,1,2022-04-17,12:48:27
1172,3,1,False,-1,False,2,2022-04-17,12:48:27
1173,2,3,True,1,False,2,2022-04-17,12:48:27
1174,1,2,False,-1,False,3,2022-04-17,12:48:27
1175,2,1,False,-1,False,3,2022-04-17,12:48:27
1176,1,3,False,-1,False,2,2022-04-17,12:48:27
1177,2,1,False,-1,True,2,2022-04-17,12:48:27
1178,3,2,True,1,True,1,2022-04-17,12:48:27
1179,1,3,False,-1,True,1,2022-04-17,12:48:27
1180,1,3,False,-1,False,2,2022-04-17,12:48:27
1181,1,2,True,3,False,1,2022-04-17,12:48:27
1182,2,1,False,-1,False,3,2022-04-17,12:48:27
1183,3,1,True,2,True,2,2022-04-17,12:48:27
1184,1,3,True,2,True,2,2022-04-17,12:48:27
1185,1,2,False,-1,False,3,2022-04-17,12:48:27
1186,1,3,True,2,False,1,2022-04-17,12:48:27
1187,3,1,True,2,True,2,2022-04-17,12:48:27
1188,1,3,True,2,True,2,2022-04-17,12:48:27
1189,2,1,False,-1,False,3,2022-04-17,12:48:27
1190,3,2,False,-1,True,3,2022-04-17,12:48:27
1191,2,3,False,-1,False,1,2022-04-17,12:48:27
1192,2,1,True,3,False,2,2022-04-17,12:48:27
1193,3,1,True,2,True,2,2022-04-17,12:48:27
1194,3,1,False,-1,False,2,2022-04-17,12:48:27
1195,1,2,True,3,False,1,2022-04-17,12:48:27
1196,2,3,True,1,False,2,2022-04-17,12:48:27
1197,2,1,False,-1,False,3,2022-04-17,12:48:27
1198,2,1,False,-1,True,2,2022-04-17,12:48:27
1199,1,3,True,2,True,2,2022-04-17,12:48:27
1200,1,3,False,-1,False,2,2022-04-17,12:48:27
1201,2,3,True,1,False,2,2022-04-17,12:48:27
1202,3,2,False,-1,False,1,2022-04-17,12:48:27
1203,3,1,False,-1,False,2,2022-04-17,12:48:27
1204,2,1,True,3,False,2,2022-04-17,12:48:27
1205,2,1,False,-1,False,3,2022-04-17,12:48:27
1206,1,3,False,-1,False,2,2022-04-17,12:48:27
1207,3,2,True,1,True,1,2022-04-17,12:48:27
1208,3,1,True,2,False,3,2022-04-17,12:48:27
1209,3,2,True,1,True,1,2022-04-17,12:48:27
1210,3,2,True,1,True,1,2022-04-17,12:48:27
1211,2,1,True,3,False,2,2022-04-17,12:48:27
1212,1,2,False,-1,False,3,2022-04-17,12:48:27
1213,1,3,False,-1,False,2,2022-04-17,12:48:27
1214,1,3,False,-1,True,1,2022-04-17,12:48:27
1215,2,3,False,-1,False,1,2022-04-17,12:48:27
1216,3,1,False,-1,True,3,2022-04-17,12:48:27
1217,1,3,False,-1,False,2,2022-04-17,12:48:27
1218,1,3,False,-1,False,2,2022-04-17,12:48:27
1219,2,1,True,3,True,3,2022-04-17,12:48:27
1220,2,1,False,-1,False,3,2022-04-17,12:48:27
1221,2,3,True,1,False,2,2022-04-17,12:48:27
1222,2,3,True,1,True,1,2022-04-17,12:48:27
1223,3,2,False,-1,False,1,2022-04-17,12:48:27
1224,3,2,False,-1,False,1,2022-04-17,12:48:27
1225,2,1,True,3,True,3,2022-04-17,12:48:27
1226,1,3,False,-1,False,2,2022-04-17,12:48:27
1227,3,1,True,2,True,2,2022-04-17,12:48:27
1228,2,3,False,-1,True,2,2022-04-17,12:48:27
1229,3,2,False,-1,False,1,2022-04-17,12:48:27
1230,3,2,True,1,False,3,2022-04-17,12:48:27
1231,1,2,True,3,False,1,2022-04-17,12:48:27
1232,3,2,False,-1,False,1,2022-04-17,12:48:27
1233,1,3,True,2,False,1,2022-04-17,12:48:27
1234,1,2,True,3,True,3,2022-04-17,12:48:27
1235,2,3,True,1,True,1,2022-04-17,12:48:27
1236,3,2,False,-1,False,1,2022-04-17,12:48:27
1237,3,1,True,2,False,3,2022-04-17,12:48:27
1238,3,2,False,-1,False,1,2022-04-17,12:48:27
1239,1,2,True,3,False,1,2022-04-17,12:48:27
1240,1,2,True,3,False,1,2022-04-17,12:48:27
1241,1,2,True,3,True,3,2022-04-17,12:48:27
1242,3,1,False,-1,False,2,2022-04-17,12:48:27
1243,2,1,False,-1,False,3,2022-04-17,12:48:27
1244,3,2,False,-1,False,1,2022-04-17,12:48:27
1245,1,2,False,-1,False,3,2022-04-17,12:48:27
1246,2,1,False,-1,False,3,2022-04-17,12:48:27
1247,2,1,False,-1,True,2,2022-04-17,12:48:27
1248,3,1,True,2,True,2,2022-04-17,12:48:27
1249,1,3,True,2,True,2,2022-04-17,12:48:27
1250,3,1,True,2,True,2,2022-04-17,12:48:27
1251,1,2,False,-1,False,3,2022-04-17,12:48:27
1252,2,1,False,-1,False,3,2022-04-17,12:48:27
1253,1,2,False,-1,True,1,2022-04-17,12:48:27
1254,1,3,True,2,True,2,2022-04-17,12:48:27
1255,2,3,True,1,False,2,2022-04-17,12:48:27
1256,1,2,True,3,True,3,2022-04-17,12:48:27
1257,1,3,True,2,True,2,2022-04-17,12:48:27
1258,2,1,False,-1,True,2,2022-04-17,12:48:27
1259,3,2,True,1,True,1,2022-04-17,12:48:27
1260,3,1,True,2,True,2,2022-04-17,12:48:27
1261,1,2,True,3,False,1,2022-04-17,12:48:27
1262,3,1,True,2,True,2,2022-04-17,12:48:27
1263,1,3,True,2,True,2,2022-04-17,12:48:27
1264,3,2,False,-1,False,1,2022-04-17,12:48:27
1265,3,2,True,1,True,1,2022-04-17,12:48:27
1266,1,2,False,-1,True,1,2022-04-17,12:48:27
1267,1,2,False,-1,False,3,2022-04-17,12:48:27
1268,2,3,False,-1,False,1,2022-04-17,12:48:27
1269,2,1,False,-1,True,2,2022-04-17,12:48:27
1270,1,3,False,-1,False,2,2022-04-17,12:48:27
1271,3,2,False,-1,False,1,2022-04-17,12:48:27
1272,2,3,False,-1,False,1,2022-04-17,12:48:27
1273,2,1,False,-1,False,3,2022-04-17,12:48:27
1274,3,2,True,1,True,1,2022-04-17,12:48:27
1275,3,1,True,2,True,2,2022-04-17,12:48:27
1276,1,3,False,-1,True,1,2022-04-17,12:48:27
1277,3,2,True,1,False,3,2022-04-17,12:48:27
1278,2,1,True,3,True,3,2022-04-17,12:48:27
1279,3,2,False,-1,False,1,2022-04-17,12:48:27
1280,1,2,False,-1,False,3,2022-04-17,12:48:27
1281,3,2,False,-1,False,1,2022-04-17,12:48:27
1282,2,3,False,-1,False,1,2022-04-17,12:48:27
1283,2,3,True,1,False,2,2022-04-17,12:48:27
1284,1,3,True,2,True,2,2022-04-17,12:48:27
1285,1,2,True,3,False,1,2022-04-17,12:48:27
1286,2,3,False,-1,False,1,2022-04-17,12:48:27
1287,1,3,True,2,True,2,2022-04-17,12:48:27
1288,3,1,False,-1,False,2,2022-04-17,12:48:27
1289,2,1,False,-1,False,3,2022-04-17,12:48:27
1290,1,3,False,-1,False,2,2022-04-17,12:48:27
1291,3,2,True,1,False,3,2022-04-17,12:48:27
1292,3,1,False,-1,False,2,2022-04-17,12:48:27
1293,1,3,False,-1,True,1,2022-04-17,12:48:27
1294,2,3,True,1,False,2,2022-04-17,12:48:27
1295,2,3,False,-1,False,1,2022-04-17,12:48:27
1296,1,3,True,2,True,2,2022-04-17,12:48:27
1297,3,2,True,1,False,3,2022-04-17,12:48:27
1298,3,2,True,1,True,1,2022-04-17,12:48:27
1299,1,2,False,-1,False,3,2022-04-17,12:48:27
1300,3,1,False,-1,True,3,2022-04-17,12:48:27
1301,1,2,True,3,True,3,2022-04-17,12:48:27
1302,2,1,True,3,False,2,2022-04-17,12:48:27
1303,1,3,False,-1,False,2,2022-04-17,12:48:27
1304,1,2,False,-1,False,3,2022-04-17,12:48:27
1305,1,2,True,3,True,3,2022-04-17,12:48:27
1306,2,3,False,-1,True,2,2022-04-17,12:48:27
1307,1,3,True,2,True,2,2022-04-17,12:48:27
1308,2,1,True,3,True,3,2022-04-17,12:48:27
1309,3,2,False,-1,True,3,2022-04-17,12:48:27
1310,1,3,False,-1,False,2,2022-04-17,12:48:27
1311,2,1,True,3,True,3,2022-04-17,12:48:27
1312,3,2,False,-1,True,3,2022-04-17,12:48:27
1313,2,1,True,3,True,3,2022-04-17,12:48:27
1314,2,1,False,-1,True,2,2022-04-17,12:48:27
1315,1,2,True,3,True,3,2022-04-17,12:48:27
1316,3,1,False,-1,False,2,2022-04-17,12:48:27
1317,3,1,True,2,True,2,2022-04-17,12:48:27
1318,1,2,True,3,False,1,2022-04-17,12:48:27
1319,3,2,False,-1,False,1,2022-04-17,12:48:27
1320,3,2,True,1,True,1,2022-04-17,12:48:27
1321,3,1,False,-1,False,2,2022-04-17,12:48:27
1322,3,2,False,-1,False,1,2022-04-17,12:48:27
1323,2,1,True,3,True,3,2022-04-17,12:48:27
1324,1,3,True,2,True,2,2022-04-17,12:48:27
1325,3,2,True,1,True,1,2022-04-17,12:48:27
1326,3,2,False,-1,False,1,2022-04-17,12:48:27
1327,1,3,False,-1,False,2,2022-04-17,12:48:27
1328,1,2,True,3,True,3,2022-04-17,12:48:27
1329,1,2,True,3,False,1,2022-04-17,12:48:27
1330,1,3,False,-1,True,1,2022-04-17,12:48:27
1331,2,3,False,-1,False,1,2022-04-17,12:48:27
1332,3,1,False,-1,False,2,2022-04-17,12:48:27
1333,2,3,True,1,True,1,2022-04-17,12:48:27
1334,1,3,True,2,True,2,2022-04-17,12:48:27
1335,3,1,True,2,True,2,2022-04-17,12:48:27
1336,3,1,True,2,True,2,2022-04-17,12:48:27
1337,3,2,True,1,True,1,2022-04-17,12:48:27
1338,3,1,True,2,False,3,2022-04-17,12:48:27
1339,3,1,True,2,True,2,2022-04-17,12:48:27
1340,2,3,False,-1,False,1,2022-04-17,12:48:27
1341,1,3,True,2,True,2,2022-04-17,12:48:27
1342,2,3,False,-1,True,2,2022-04-17,12:48:27
1343,2,3,False,-1,False,1,2022-04-17,12:48:27
1344,1,2,True,3,True,3,2022-04-17,12:48:27
1345,1,3,False,-1,True,1,2022-04-17,12:48:27
1346,1,2,True,3,True,3,2022-04-17,12:48:27
1347,1,3,False,-1,True,1,2022-04-17,12:48:28
1348,1,2,True,3,True,3,2022-04-17,12:48:28
1349,2,3,False,-1,True,2,2022-04-17,12:48:28
1350,2,3,True,1,True,1,2022-04-17,12:48:28
1351,1,3,False,-1,True,1,2022-04-17,12:48:28
1352,1,3,False,-1,True,1,2022-04-17,12:48:28
1353,1,2,True,3,False,1,2022-04-17,12:48:28
1354,1,3,True,2,False,1,2022-04-17,12:48:28
1355,2,1,True,3,True,3,2022-04-17,12:48:28
1356,3,2,False,-1,False,1,2022-04-17,12:48:28
1357,1,3,True,2,True,2,2022-04-17,12:48:28
1358,2,3,False,-1,False,1,2022-04-17,12:48:28
1359,3,1,True,2,True,2,2022-04-17,12:48:28
1360,1,2,False,-1,False,3,2022-04-17,12:48:28
1361,3,2,False,-1,False,1,2022-04-17,12:48:28
1362,1,3,False,-1,True,1,2022-04-17,12:48:28
1363,3,2,True,1,True,1,2022-04-17,12:48:28
1364,2,1,False,-1,False,3,2022-04-17,12:48:28
1365,1,2,True,3,True,3,2022-04-17,12:48:28
1366,1,3,False,-1,False,2,2022-04-17,12:48:28
1367,1,2,False,-1,False,3,2022-04-17,12:48:28
1368,3,1,False,-1,False,2,2022-04-17,12:48:28
1369,2,3,False,-1,False,1,2022-04-17,12:48:28
1370,1,2,True,3,False,1,2022-04-17,12:48:28
1371,1,2,False,-1,True,1,2022-04-17,12:48:28
1372,1,3,True,2,False,1,2022-04-17,12:48:28
1373,2,1,True,3,True,3,2022-04-17,12:48:28
1374,2,3,True,1,True,1,2022-04-17,12:48:28
1375,3,1,True,2,True,2,2022-04-17,12:48:28
1376,3,1,True,2,True,2,2022-04-17,12:48:28
1377,2,3,True,1,False,2,2022-04-17,12:48:28
1378,1,3,True,2,False,1,2022-04-17,12:48:28
1379,2,1,False,-1,True,2,2022-04-17,12:48:28
1380,2,1,True,3,False,2,2022-04-17,12:48:28
1381,2,1,True,3,True,3,2022-04-17,12:48:28
1382,2,1,False,-1,True,2,2022-04-17,12:48:28
1383,1,3,False,-1,True,1,2022-04-17,12:48:28
1384,2,1,False,-1,False,3,2022-04-17,12:48:28
1385,1,2,True,3,False,1,2022-04-17,12:48:28
1386,3,1,False,-1,False,2,2022-04-17,12:48:28
1387,2,1,True,3,False,2,2022-04-17,12:48:28
1388,1,3,True,2,False,1,2022-04-17,12:48:28
1389,2,3,True,1,False,2,2022-04-17,12:48:28
1390,3,1,False,-1,False,2,2022-04-17,12:48:28
1391,3,2,False,-1,True,3,2022-04-17,12:48:28
1392,1,3,True,2,False,1,2022-04-17,12:48:28
1393,1,3,True,2,True,2,2022-04-17,12:48:28
1394,2,3,False,-1,False,1,2022-04-17,12:48:28
1395,1,3,False,-1,True,1,2022-04-17,12:48:28
1396,2,3,False,-1,True,2,2022-04-17,12:48:28
1397,2,3,False,-1,False,1,2022-04-17,12:48:28
1398,1,3,False,-1,False,2,2022-04-17,12:48:28
1399,2,1,True,3,True,3,2022-04-17,12:48:28
1400,2,1,False,-1,False,3,2022-04-17,12:48:28
1401,1,3,False,-1,False,2,2022-04-17,12:48:28
1402,3,2,False,-1,False,1,2022-04-17,12:48:28
1403,2,3,False,-1,False,1,2022-04-17,12:48:28
1404,1,3,True,2,True,2,2022-04-17,12:48:28
1405,3,1,False,-1,False,2,2022-04-17,12:48:28
1406,2,3,False,-1,False,1,2022-04-17,12:48:28
1407,1,2,False,-1,False,3,2022-04-17,12:48:28
1408,1,3,True,2,True,2,2022-04-17,12:48:28
1409,3,2,False,-1,False,1,2022-04-17,12:48:28
1410,1,2,True,3,False,1,2022-04-17,12:48:28
1411,3,2,True,1,True,1,2022-04-17,12:48:28
1412,1,3,False,-1,False,2,2022-04-17,12:48:28
1413,3,2,True,1,False,3,2022-04-17,12:48:28
1414,3,1,False,-1,True,3,2022-04-17,12:48:28
1415,1,3,True,2,False,1,2022-04-17,12:48:28
1416,2,3,True,1,True,1,2022-04-17,12:48:28
1417,2,1,True,3,False,2,2022-04-17,12:48:28
1418,1,3,True,2,True,2,2022-04-17,12:48:28
1419,1,2,False,-1,True,1,2022-04-17,12:48:28
1420,3,2,False,-1,False,1,2022-04-17,12:48:28
1421,3,2,True,1,True,1,2022-04-17,12:48:28
1422,1,2,True,3,True,3,2022-04-17,12:48:28
1423,2,1,False,-1,False,3,2022-04-17,12:48:28
1424,2,3,True,1,True,1,2022-04-17,12:48:28
1425,2,1,False,-1,True,2,2022-04-17,12:48:28
1426,1,2,False,-1,True,1,2022-04-17,12:48:28
1427,3,1,True,2,False,3,2022-04-17,12:48:28
1428,2,1,False,-1,False,3,2022-04-17,12:48:28
1429,3,2,False,-1,False,1,2022-04-17,12:48:28
1430,3,2,False,-1,False,1,2022-04-17,12:48:28
1431,3,1,False,-1,False,2,2022-04-17,12:48:28
1432,3,1,True,2,True,2,2022-04-17,12:48:28
1433,2,3,False,-1,False,1,2022-04-17,12:48:28
1434,2,1,False,-1,False,3,2022-04-17,12:48:28
1435,1,2,False,-1,True,1,2022-04-17,12:48:28
1436,1,3,True,2,False,1,2022-04-17,12:48:28
1437,3,1,True,2,False,3,2022-04-17,12:48:28
1438,2,1,False,-1,True,2,2022-04-17,12:48:28
1439,1,3,True,2,False,1,2022-04-17,12:48:28
1440,2,1,False,-1,False,3,2022-04-17,12:48:28
1441,3,1,True,2,False,3,2022-04-17,12:48:28
1442,2,1,False,-1,False,3,2022-04-17,12:48:28
1443,1,2,False,-1,False,3,2022-04-17,12:48:28
1444,2,1,False,-1,True,2,2022-04-17,12:48:28
1445,1,3,True,2,True,2,2022-04-17,12:48:28
1446,3,2,True,1,True,1,2022-04-17,12:48:28
1447,3,2,False,-1,True,3,2022-04-17,12:48:28
1448,3,1,False,-1,True,3,2022-04-17,12:48:28
1449,1,3,False,-1,False,2,2022-04-17,12:48:28
1450,3,1,True,2,False,3,2022-04-17,12:48:28
1451,2,3,True,1,False,2,2022-04-17,12:48:28
1452,1,2,True,3,True,3,2022-04-17,12:48:28
1453,3,1,False,-1,False,2,2022-04-17,12:48:28
1454,3,2,True,1,True,1,2022-04-17,12:48:28
1455,1,3,True,2,True,2,2022-04-17,12:48:28
1456,2,1,False,-1,True,2,2022-04-17,12:48:28
1457,1,2,False,-1,False,3,2022-04-17,12:48:28
1458,1,2,True,3,False,1,2022-04-17,12:48:28
1459,1,3,True,2,True,2,2022-04-17,12:48:28
1460,3,1,True,2,True,2,2022-04-17,12:48:28
1461,2,3,False,-1,False,1,2022-04-17,12:48:28
1462,2,3,True,1,True,1,2022-04-17,12:48:28
1463,1,3,True,2,True,2,2022-04-17,12:48:28
1464,1,3,True,2,True,2,2022-04-17,12:48:28
1465,1,2,True,3,False,1,2022-04-17,12:48:28
1466,2,3,False,-1,False,1,2022-04-17,12:48:28
1467,3,2,False,-1,True,3,2022-04-17,12:48:28
1468,2,3,False,-1,True,2,2022-04-17,12:48:28
1469,1,2,True,3,False,1,2022-04-17,12:48:28
1470,2,3,True,1,True,1,2022-04-17,12:48:28
1471,3,1,True,2,False,3,2022-04-17,12:48:28
1472,2,1,True,3,True,3,2022-04-17,12:48:28
1473,3,1,False,-1,True,3,2022-04-17,12:48:28
1474,3,1,True,2,False,3,2022-04-17,12:48:28
1475,2,3,True,1,True,1,2022-04-17,12:48:28
1476,2,3,False,-1,False,1,2022-04-17,12:48:28
1477,1,2,True,3,True,3,2022-04-17,12:48:28
1478,3,2,False,-1,False,1,2022-04-17,12:48:28
1479,2,3,True,1,True,1,2022-04-17,12:48:28
1480,2,3,True,1,True,1,2022-04-17,12:48:28
1481,2,3,False,-1,False,1,2022-04-17,12:48:28
1482,3,1,True,2,True,2,2022-04-17,12:48:28
1483,1,2,False,-1,False,3,2022-04-17,12:48:28
1484,1,2,False,-1,True,1,2022-04-17,12:48:28
1485,3,1,False,-1,False,2,2022-04-17,12:48:28
1486,1,2,False,-1,True,1,2022-04-17,12:48:28
1487,2,3,False,-1,False,1,2022-04-17,12:48:28
1488,1,2,True,3,True,3,2022-04-17,12:48:28
1489,1,2,False,-1,False,3,2022-04-17,12:48:28
1490,3,1,False,-1,True,3,2022-04-17,12:48:28
1491,1,2,True,3,True,3,2022-04-17,12:48:28
1492,3,1,True,2,True,2,2022-04-17,12:48:28
1493,1,2,False,-1,False,3,2022-04-17,12:48:28
1494,1,2,True,3,False,1,2022-04-17,12:48:28
1495,1,3,True,2,True,2,2022-04-17,12:48:28
1496,1,3,False,-1,True,1,2022-04-17,12:48:28
1497,2,3,False,-1,True,2,2022-04-17,12:48:28
1498,2,1,False,-1,False,3,2022-04-17,12:48:28
1499,3,2,False,-1,True,3,2022-04-17,12:48:28
1500,1,3,True,2,False,1,2022-04-17,12:48:28
1501,1,3,False,-1,False,2,2022-04-17,12:48:28
1502,3,2,True,1,False,3,2022-04-17,12:48:28
1503,1,2,True,3,False,1,2022-04-17,12:48:28
1504,1,3,False,-1,False,2,2022-04-17,12:48:28
1505,3,2,True,1,True,1,2022-04-17,12:48:28
1506,3,1,False,-1,True,3,2022-04-17,12:48:28
1507,3,1,True,2,False,3,2022-04-17,12:48:28
1508,1,2,False,-1,True,1,2022-04-17,12:48:28
1509,3,1,False,-1,False,2,2022-04-17,12:48:28
1510,1,2,False,-1,True,1,2022-04-17,12:48:28
1511,3,1,False,-1,False,2,2022-04-17,12:48:28
1512,1,2,False,-1,False,3,2022-04-17,12:48:28
1513,2,3,False,-1,True,2,2022-04-17,12:48:28
1514,3,1,True,2,True,2,2022-04-17,12:48:28
1515,3,2,False,-1,False,1,2022-04-17,12:48:28
1516,2,3,True,1,False,2,2022-04-17,12:48:28
1517,1,2,False,-1,True,1,2022-04-17,12:48:28
1518,3,2,True,1,True,1,2022-04-17,12:48:28
1519,2,3,False,-1,True,2,2022-04-17,12:48:28
1520,1,3,True,2,True,2,2022-04-17,12:48:28
1521,3,1,False,-1,False,2,2022-04-17,12:48:28
1522,2,3,False,-1,False,1,2022-04-17,12:48:28
1523,3,2,False,-1,True,3,2022-04-17,12:48:28
1524,3,2,True,1,False,3,2022-04-17,12:48:28
1525,3,1,True,2,True,2,2022-04-17,12:48:28
1526,1,2,False,-1,True,1,2022-04-17,12:48:28
1527,3,1,False,-1,False,2,2022-04-17,12:48:28
1528,1,2,False,-1,False,3,2022-04-17,12:48:28
1529,2,3,True,1,True,1,2022-04-17,12:48:28
1530,1,3,True,2,True,2,2022-04-17,12:48:28
1531,2,1,False,-1,False,3,2022-04-17,12:48:28
1532,3,1,False,-1,False,2,2022-04-17,12:48:28
1533,3,1,True,2,True,2,2022-04-17,12:48:28
1534,1,3,False,-1,False,2,2022-04-17,12:48:28
1535,2,1,False,-1,True,2,2022-04-17,12:48:28
1536,3,2,True,1,False,3,2022-04-17,12:48:28
1537,2,1,True,3,True,3,2022-04-17,12:48:28
1538,2,1,False,-1,False,3,2022-04-17,12:48:28
1539,1,3,True,2,False,1,2022-04-17,12:48:28
1540,3,2,False,-1,True,3,2022-04-17,12:48:28
1541,2,1,False,-1,True,2,2022-04-17,12:48:28
1542,3,1,False,-1,False,2,2022-04-17,12:48:28
1543,2,3,True,1,False,2,2022-04-17,12:48:28
1544,1,2,False,-1,False,3,2022-04-17,12:48:28
1545,3,2,True,1,True,1,2022-04-17,12:48:28
1546,1,2,True,3,True,3,2022-04-17,12:48:28
1547,1,2,True,3,True,3,2022-04-17,12:48:28
1548,3,1,False,-1,True,3,2022-04-17,12:48:28
1549,1,2,True,3,True,3,2022-04-17,12:48:28
1550,1,2,True,3,True,3,2022-04-17,12:48:28
1551,3,2,True,1,False,3,2022-04-17,12:48:28
1552,3,1,False,-1,False,2,2022-04-17,12:48:28
1553,1,3,False,-1,True,1,2022-04-17,12:48:28
1554,1,3,True,2,True,2,2022-04-17,12:48:28
1555,1,3,False,-1,True,1,2022-04-17,12:48:28
1556,2,1,True,3,True,3,2022-04-17,12:48:28
1557,1,3,False,-1,True,1,2022-04-17,12:48:28
1558,1,2,True,3,True,3,2022-04-17,12:48:28
1559,1,2,True,3,True,3,2022-04-17,12:48:28
1560,1,2,True,3,True,3,2022-04-17,12:48:28
1561,2,3,True,1,True,1,2022-04-17,12:48:28
1562,3,2,True,1,True,1,2022-04-17,12:48:28
1563,3,1,True,2,True,2,2022-04-17,12:48:28
1564,2,3,False,-1,False,1,2022-04-17,12:48:28
1565,3,1,False,-1,False,2,2022-04-17,12:48:28
1566,2,3,True,1,True,1,2022-04-17,12:48:28
1567,2,3,True,1,True,1,2022-04-17,12:48:28
1568,2,3,True,1,True,1,2022-04-17,12:48:28
1569,3,1,True,2,True,2,2022-04-17,12:48:28
1570,2,1,True,3,False,2,2022-04-17,12:48:28
1571,2,1,True,3,False,2,2022-04-17,12:48:28
1572,3,1,True,2,False,3,2022-04-17,12:48:28
1573,1,3,True,2,True,2,2022-04-17,12:48:28
1574,2,3,True,1,False,2,2022-04-17,12:48:28
1575,2,1,True,3,False,2,2022-04-17,12:48:28
1576,3,2,True,1,True,1,2022-04-17,12:48:28
1577,1,2,False,-1,True,1,2022-04-17,12:48:28
1578,2,1,False,-1,False,3,2022-04-17,12:48:28
1579,2,3,False,-1,False,1,2022-04-17,12:48:28
1580,2,1,False,-1,False,3,2022-04-17,12:48:28
1581,2,3,False,-1,False,1,2022-04-17,12:48:28
1582,1,3,False,-1,True,1,2022-04-17,12:48:28
1583,3,2,False,-1,True,3,2022-04-17,12:48:28
1584,1,2,False,-1,False,3,2022-04-17,12:48:28
1585,2,1,False,-1,False,3,2022-04-17,12:48:28
1586,3,1,False,-1,True,3,2022-04-17,12:48:28
1587,3,2,True,1,True,1,2022-04-17,12:48:28
1588,3,1,True,2,True,2,2022-04-17,12:48:28
1589,3,2,True,1,True,1,2022-04-17,12:48:28
1590,2,1,True,3,True,3,2022-04-17,12:48:28
1591,1,3,False,-1,False,2,2022-04-17,12:48:28
1592,1,3,False,-1,True,1,2022-04-17,12:48:28
1593,3,1,True,2,True,2,2022-04-17,12:48:28
1594,2,1,True,3,False,2,2022-04-17,12:48:28
1595,3,2,False,-1,False,1,2022-04-17,12:48:28
1596,1,2,False,-1,False,3,2022-04-17,12:48:28
1597,1,2,True,3,False,1,2022-04-17,12:48:28
1598,1,2,False,-1,True,1,2022-04-17,12:48:28
1599,3,2,True,1,False,3,2022-04-17,12:48:28
1600,3,1,False,-1,False,2,2022-04-17,12:48:28
1601,1,2,False,-1,False,3,2022-04-17,12:48:28
1602,1,3,True,2,False,1,2022-04-17,12:48:28
1603,2,1,False,-1,True,2,2022-04-17,12:48:28
1604,3,2,True,1,True,1,2022-04-17,12:48:28
1605,1,2,False,-1,False,3,2022-04-17,12:48:28
1606,2,1,False,-1,False,3,2022-04-17,12:48:28
1607,3,1,False,-1,False,2,2022-04-17,12:48:28
1608,3,2,False,-1,False,1,2022-04-17,12:48:28
1609,1,2,True,3,False,1,2022-04-17,12:48:28
1610,3,2,True,1,True,1,2022-04-17,12:48:28
1611,3,1,False,-1,False,2,2022-04-17,12:48:28
1612,2,3,True,1,True,1,2022-04-17,12:48:28
1613,1,2,True,3,True,3,2022-04-17,12:48:28
1614,3,1,False,-1,True,3,2022-04-17,12:48:28
1615,2,1,False,-1,False,3,2022-04-17,12:48:28
1616,2,1,True,3,True,3,2022-04-17,12:48:28
1617,3,2,True,1,False,3,2022-04-17,12:48:28
1618,2,1,True,3,True,3,2022-04-17,12:48:28
1619,1,2,True,3,True,3,2022-04-17,12:48:28
1620,3,1,False,-1,False,2,2022-04-17,12:48:28
1621,3,2,True,1,False,3,2022-04-17,12:48:28
1622,1,3,True,2,True,2,2022-04-17,12:48:28
1623,3,2,False,-1,False,1,2022-04-17,12:48:28
1624,1,3,True,2,True,2,2022-04-17,12:48:28
1625,1,3,True,2,True,2,2022-04-17,12:48:28
1626,3,1,True,2,True,2,2022-04-17,12:48:28
1627,2,3,True,1,True,1,2022-04-17,12:48:28
1628,3,2,False,-1,True,3,2022-04-17,12:48:28
1629,2,1,False,-1,False,3,2022-04-17,12:48:28
1630,1,2,False,-1,False,3,2022-04-17,12:48:28
1631,2,1,True,3,True,3,2022-04-17,12:48:28
1632,3,2,True,1,False,3,2022-04-17,12:48:28
1633,3,2,True,1,True,1,2022-04-17,12:48:28
1634,1,3,False,-1,True,1,2022-04-17,12:48:28
1635,3,1,True,2,True,2,2022-04-17,12:48:28
1636,3,2,False,-1,False,1,2022-04-17,12:48:28
1637,2,1,True,3,True,3,2022-04-17,12:48:28
1638,2,1,True,3,False,2,2022-04-17,12:48:28
1639,3,1,False,-1,True,3,2022-04-17,12:48:28
1640,1,2,False,-1,False,3,2022-04-17,12:48:28
1641,1,3,True,2,False,1,2022-04-17,12:48:28
1642,2,1,True,3,True,3,2022-04-17,12:48:28
1643,2,3,False,-1,False,1,2022-04-17,12:48:28
1644,1,3,True,2,True,2,2022-04-17,12:48:28
1645,2,1,False,-1,False,3,2022-04-17,12:48:28
1646,1,2,True,3,True,3,2022-04-17,12:48:28
1647,2,1,False,-1,False,3,2022-04-17,12:48:28
1648,1,3,True,2,True,2,2022-04-17,12:48:28
1649,2,3,False,-1,False,1,2022-04-17,12:48:28
1650,1,2,True,3,False,1,2022-04-17,12:48:28
1651,2,3,False,-1,True,2,2022-04-17,12:48:28
1652,3,1,True,2,False,3,2022-04-17,12:48:28
1653,2,3,True,1,True,1,2022-04-17,12:48:28
1654,1,2,True,3,True,3,2022-04-17,12:48:28
1655,2,3,True,1,False,2,2022-04-17,12:48:28
1656,3,1,False,-1,False,2,2022-04-17,12:48:28
1657,3,2,False,-1,False,1,2022-04-17,12:48:28
1658,1,3,False,-1,True,1,2022-04-17,12:48:28
1659,3,1,True,2,False,3,2022-04-17,12:48:28
1660,1,2,False,-1,False,3,2022-04-17,12:48:28
1661,1,2,False,-1,True,1,2022-04-17,12:48:28
1662,2,1,True,3,True,3,2022-04-17,12:48:28
1663,3,1,False,-1,False,2,2022-04-17,12:48:28
1664,1,2,True,3,True,3,2022-04-17,12:48:28
1665,3,1,True,2,True,2,2022-04-17,12:48:28
1666,1,3,False,-1,False,2,2022-04-17,12:48:28
1667,3,1,True,2,False,3,2022-04-17,12:48:28
1668,1,2,False,-1,False,3,2022-04-17,12:48:28
1669,2,3,True,1,True,1,2022-04-17,12:48:28
1670,3,2,True,1,True,1,2022-04-17,12:48:28
1671,2,1,False,-1,False,3,2022-04-17,12:48:28
1672,3,1,True,2,True,2,2022-04-17,12:48:28
1673,3,2,True,1,True,1,2022-04-17,12:48:28
1674,2,1,True,3,True,3,2022-04-17,12:48:28
1675,2,1,True,3,False,2,2022-04-17,12:48:28
1676,1,2,True,3,True,3,2022-04-17,12:48:28
1677,2,3,False,-1,False,1,2022-04-17,12:48:28
1678,2,1,False,-1,True,2,2022-04-17,12:48:28
1679,2,1,False,-1,False,3,2022-04-17,12:48:28
1680,2,3,True,1,False,2,2022-04-17,12:48:28
1681,3,2,False,-1,False,1,2022-04-17,12:48:28
1682,1,2,True,3,False,1,2022-04-17,12:48:28
1683,3,2,False,-1,False,1,2022-04-17,12:48:28
1684,2,3,True,1,True,1,2022-04-17,12:48:28
1685,1,2,True,3,True,3,2022-04-17,12:48:28
1686,2,1,True,3,True,3,2022-04-17,12:48:28
1687,2,1,True,3,True,3,2022-04-17,12:48:28
1688,1,3,False,-1,False,2,2022-04-17,12:48:28
1689,2,3,True,1,True,1,2022-04-17,12:48:28
1690,3,1,True,2,True,2,2022-04-17,12:48:28
1691,2,3,False,-1,False,1,2022-04-17,12:48:28
1692,1,3,True,2,True,2,2022-04-17,12:48:28
1693,1,3,True,2,True,2,2022-04-17,12:48:28
1694,1,3,True,2,True,2,2022-04-17,12:48:28
1695,3,1,True,2,False,3,2022-04-17,12:48:28
1696,1,3,False,-1,False,2,2022-04-17,12:48:28
1697,2,3,False,-1,True,2,2022-04-17,12:48:28
1698,1,2,False,-1,False,3,2022-04-17,12:48:28
1699,3,1,False,-1,False,2,2022-04-17,12:48:28
1700,2,1,False,-1,True,2,2022-04-17,12:48:28
1701,3,2,True,1,False,3,2022-04-17,12:48:28
1702,1,3,True,2,True,2,2022-04-17,12:48:28
1703,2,1,True,3,True,3,2022-04-17,12:48:28
1704,1,3,True,2,False,1,2022-04-17,12:48:28
1705,2,1,False,-1,True,2,2022-04-17,12:48:28
1706,3,1,True,2,True,2,2022-04-17,12:48:28
1707,3,1,False,-1,True,3,2022-04-17,12:48:28
1708,3,2,True,1,False,3,2022-04-17,12:48:28
1709,2,1,False,-1,True,2,2022-04-17,12:48:28
1710,3,2,False,-1,True,3,2022-04-17,12:48:28
1711,3,1,True,2,True,2,2022-04-17,12:48:28
1712,2,3,False,-1,True,2,2022-04-17,12:48:28
1713,3,1,True,2,True,2,2022-04-17,12:48:28
1714,1,3,False,-1,False,2,2022-04-17,12:48:28
1715,1,2,False,-1,True,1,2022-04-17,12:48:28
1716,1,2,False,-1,False,3,2022-04-17,12:48:28
1717,3,2,True,1,False,3,2022-04-17,12:48:28
1718,2,1,False,-1,False,3,2022-04-17,12:48:28
1719,2,1,True,3,True,3,2022-04-17,12:48:28
1720,3,2,False,-1,False,1,2022-04-17,12:48:28
1721,2,1,True,3,True,3,2022-04-17,12:48:28
1722,2,1,False,-1,True,2,2022-04-17,12:48:28
1723,3,2,False,-1,True,3,2022-04-17,12:48:28
1724,1,3,False,-1,False,2,2022-04-17,12:48:28
1725,2,1,False,-1,False,3,2022-04-17,12:48:28
1726,1,3,False,-1,False,2,2022-04-17,12:48:28
1727,2,3,False,-1,False,1,2022-04-17,12:48:28
1728,2,3,True,1,False,2,2022-04-17,12:48:28
1729,3,2,True,1,False,3,2022-04-17,12:48:28
1730,1,3,True,2,False,1,2022-04-17,12:48:28
1731,3,2,False,-1,False,1,2022-04-17,12:48:28
1732,3,1,False,-1,False,2,2022-04-17,12:48:28
1733,1,3,True,2,False,1,2022-04-17,12:48:28
1734,3,1,False,-1,True,3,2022-04-17,12:48:28
1735,1,3,True,2,True,2,2022-04-17,12:48:28
1736,1,2,True,3,True,3,2022-04-17,12:48:28
1737,3,2,False,-1,False,1,2022-04-17,12:48:28
1738,3,1,True,2,True,2,2022-04-17,12:48:28
1739,3,2,False,-1,True,3,2022-04-17,12:48:28
1740,1,2,True,3,True,3,2022-04-17,12:48:28
1741,2,3,False,-1,False,1,2022-04-17,12:48:28
1742,3,2,True,1,True,1,2022-04-17,12:48:28
1743,3,2,True,1,False,3,2022-04-17,12:48:28
1744,3,2,False,-1,False,1,2022-04-17,12:48:28
1745,3,1,False,-1,False,2,2022-04-17,12:48:28
1746,3,1,False,-1,True,3,2022-04-17,12:48:28
1747,1,3,False,-1,True,1,2022-04-17,12:48:28
1748,2,3,False,-1,False,1,2022-04-17,12:48:28
1749,2,1,False,-1,True,2,2022-04-17,12:48:28
1750,2,3,True,1,True,1,2022-04-17,12:48:28
1751,1,3,True,2,True,2,2022-04-17,12:48:28
1752,2,1,False,-1,False,3,2022-04-17,12:48:28
1753,1,2,True,3,False,1,2022-04-17,12:48:28
1754,2,1,False,-1,True,2,2022-04-17,12:48:28
1755,1,2,True,3,True,3,2022-04-17,12:48:28
1756,2,1,True,3,False,2,2022-04-17,12:48:28
1757,2,3,True,1,False,2,2022-04-17,12:48:28
1758,3,1,True,2,False,3,2022-04-17,12:48:28
1759,1,2,False,-1,False,3,2022-04-17,12:48:28
1760,1,2,False,-1,True,1,2022-04-17,12:48:28
1761,2,3,False,-1,False,1,2022-04-17,12:48:28
1762,2,1,True,3,True,3,2022-04-17,12:48:28
1763,3,2,False,-1,False,1,2022-04-17,12:48:28
1764,3,1,False,-1,True,3,2022-04-17,12:48:28
1765,3,1,True,2,True,2,2022-04-17,12:48:28
1766,3,2,False,-1,False,1,2022-04-17,12:48:28
1767,1,3,False,-1,False,2,2022-04-17,12:48:28
1768,3,1,False,-1,False,2,2022-04-17,12:48:28
1769,1,3,False,-1,False,2,2022-04-17,12:48:28
1770,1,3,False,-1,False,2,2022-04-17,12:48:28
1771,1,3,True,2,False,1,2022-04-17,12:48:28
1772,3,1,True,2,True,2,2022-04-17,12:48:28
1773,3,1,True,2,True,2,2022-04-17,12:48:28
1774,3,1,False,-1,False,2,2022-04-17,12:48:28
1775,2,1,False,-1,False,3,2022-04-17,12:48:28
1776,1,3,False,-1,True,1,2022-04-17,12:48:28
1777,1,2,True,3,False,1,2022-04-17,12:48:28
1778,3,2,False,-1,True,3,2022-04-17,12:48:28
1779,2,3,False,-1,False,1,2022-04-17,12:48:28
1780,3,2,True,1,False,3,2022-04-17,12:48:28
1781,1,2,True,3,True,3,2022-04-17,12:48:28
1782,3,2,False,-1,False,1,2022-04-17,12:48:28
1783,3,2,False,-1,True,3,2022-04-17,12:48:28
1784,1,3,True,2,False,1,2022-04-17,12:48:28
1785,1,3,True,2,False,1,2022-04-17,12:48:28
1786,3,2,True,1,False,3,2022-04-17,12:48:28
1787,3,2,False,-1,False,1,2022-04-17,12:48:28
1788,3,2,True,1,False,3,2022-04-17,12:48:28
1789,2,3,False,-1,False,1,2022-04-17,12:48:28
1790,3,2,False,-1,False,1,2022-04-17,12:48:28
1791,3,1,True,2,False,3,2022-04-17,12:48:28
1792,2,3,True,1,False,2,2022-04-17,12:48:28
1793,1,2,True,3,False,1,2022-04-17,12:48:28
1794,3,1,False,-1,True,3,2022-04-17,12:48:28
1795,1,2,False,-1,True,1,2022-04-17,12:48:28
1796,3,1,True,2,False,3,2022-04-17,12:48:28
1797,1,2,False,-1,True,1,2022-04-17,12:48:28
1798,3,2,True,1,True,1,2022-04-17,12:48:28
1799,3,2,False,-1,False,1,2022-04-17,12:48:28
1800,1,2,True,3,True,3,2022-04-17,12:48:28
1801,3,1,True,2,True,2,2022-04-17,12:48:28
1802,2,1,True,3,True,3,2022-04-17,12:48:28
1803,1,2,False,-1,True,1,2022-04-17,12:48:28
1804,1,2,False,-1,False,3,2022-04-17,12:48:28
1805,2,1,True,3,True,3,2022-04-17,12:48:28
1806,3,2,False,-1,False,1,2022-04-17,12:48:28
1807,1,3,True,2,True,2,2022-04-17,12:48:28
1808,2,1,False,-1,True,2,2022-04-17,12:48:28
1809,2,1,True,3,True,3,2022-04-17,12:48:28
1810,1,2,False,-1,True,1,2022-04-17,12:48:28
1811,3,2,True,1,True,1,2022-04-17,12:48:28
1812,1,3,False,-1,False,2,2022-04-17,12:48:28
1813,2,3,False,-1,False,1,2022-04-17,12:48:28
1814,3,1,False,-1,False,2,2022-04-17,12:48:28
1815,3,1,True,2,True,2,2022-04-17,12:48:28
1816,1,2,True,3,True,3,2022-04-17,12:48:28
1817,3,1,True,2,True,2,2022-04-17,12:48:28
1818,2,3,False,-1,False,1,2022-04-17,12:48:28
1819,3,2,True,1,True,1,2022-04-17,12:48:28
1820,2,3,False,-1,False,1,2022-04-17,12:48:28
1821,2,1,True,3,False,2,2022-04-17,12:48:28
1822,3,1,True,2,True,2,2022-04-17,12:48:28
1823,1,3,True,2,True,2,2022-04-17,12:48:28
1824,2,3,True,1,False,2,2022-04-17,12:48:28
1825,3,2,True,1,True,1,2022-04-17,12:48:28
1826,3,2,False,-1,True,3,2022-04-17,12:48:28
1827,1,2,False,-1,True,1,2022-04-17,12:48:28
1828,2,3,True,1,True,1,2022-04-17,12:48:29
1829,3,2,False,-1,False,1,2022-04-17,12:48:29
1830,2,1,False,-1,False,3,2022-04-17,12:48:29
1831,2,3,True,1,True,1,2022-04-17,12:48:29
1832,2,3,False,-1,True,2,2022-04-17,12:48:29
1833,1,2,False,-1,True,1,2022-04-17,12:48:29
1834,3,2,False,-1,False,1,2022-04-17,12:48:29
1835,1,2,True,3,False,1,2022-04-17,12:48:29
1836,3,2,True,1,True,1,2022-04-17,12:48:29
1837,2,1,True,3,True,3,2022-04-17,12:48:29
1838,1,3,False,-1,False,2,2022-04-17,12:48:29
1839,2,3,True,1,True,1,2022-04-17,12:48:29
1840,1,3,False,-1,False,2,2022-04-17,12:48:29
1841,2,3,True,1,False,2,2022-04-17,12:48:29
1842,1,2,False,-1,True,1,2022-04-17,12:48:29
1843,2,3,True,1,True,1,2022-04-17,12:48:29
1844,2,1,False,-1,False,3,2022-04-17,12:48:29
1845,2,3,False,-1,False,1,2022-04-17,12:48:29
1846,2,3,False,-1,True,2,2022-04-17,12:48:29
1847,2,3,True,1,True,1,2022-04-17,12:48:29
1848,3,1,False,-1,True,3,2022-04-17,12:48:29
1849,1,2,True,3,True,3,2022-04-17,12:48:29
1850,1,3,True,2,True,2,2022-04-17,12:48:29
1851,3,1,True,2,True,2,2022-04-17,12:48:29
1852,1,2,False,-1,True,1,2022-04-17,12:48:29
1853,3,1,True,2,False,3,2022-04-17,12:48:29
1854,3,1,False,-1,False,2,2022-04-17,12:48:29
1855,3,2,True,1,True,1,2022-04-17,12:48:29
1856,2,1,False,-1,False,3,2022-04-17,12:48:29
1857,2,3,True,1,False,2,2022-04-17,12:48:29
1858,2,3,False,-1,False,1,2022-04-17,12:48:29
1859,2,3,True,1,True,1,2022-04-17,12:48:29
1860,1,3,False,-1,False,2,2022-04-17,12:48:29
1861,1,2,False,-1,True,1,2022-04-17,12:48:29
1862,3,1,False,-1,False,2,2022-04-17,12:48:29
1863,3,2,True,1,True,1,2022-04-17,12:48:29
1864,3,2,True,1,True,1,2022-04-17,12:48:29
1865,1,2,True,3,False,1,2022-04-17,12:48:29
1866,1,3,False,-1,False,2,2022-04-17,12:48:29
1867,2,3,True,1,True,1,2022-04-17,12:48:29
1868,2,1,False,-1,True,2,2022-04-17,12:48:29
1869,2,1,False,-1,True,2,2022-04-17,12:48:29
1870,2,1,False,-1,False,3,2022-04-17,12:48:29
1871,3,2,False,-1,False,1,2022-04-17,12:48:29
1872,2,1,False,-1,False,3,2022-04-17,12:48:29
1873,1,3,False,-1,True,1,2022-04-17,12:48:29
1874,1,3,False,-1,False,2,2022-04-17,12:48:29
1875,2,3,True,1,True,1,2022-04-17,12:48:29
1876,1,2,True,3,True,3,2022-04-17,12:48:29
1877,3,2,True,1,True,1,2022-04-17,12:48:29
1878,2,3,True,1,True,1,2022-04-17,12:48:29
1879,2,3,False,-1,False,1,2022-04-17,12:48:29
1880,1,3,False,-1,True,1,2022-04-17,12:48:29
1881,1,3,True,2,False,1,2022-04-17,12:48:29
1882,1,3,True,2,False,1,2022-04-17,12:48:29
1883,2,1,False,-1,False,3,2022-04-17,12:48:29
1884,1,2,True,3,True,3,2022-04-17,12:48:29
1885,3,1,False,-1,False,2,2022-04-17,12:48:29
1886,1,2,False,-1,True,1,2022-04-17,12:48:29
1887,2,1,True,3,False,2,2022-04-17,12:48:29
1888,1,2,False,-1,False,3,2022-04-17,12:48:29
1889,1,3,False,-1,True,1,2022-04-17,12:48:29
1890,1,3,False,-1,False,2,2022-04-17,12:48:29
1891,1,3,True,2,True,2,2022-04-17,12:48:29
1892,2,1,True,3,True,3,2022-04-17,12:48:29
1893,2,3,False,-1,False,1,2022-04-17,12:48:29
1894,2,1,False,-1,False,3,2022-04-17,12:48:29
1895,2,3,False,-1,False,1,2022-04-17,12:48:29
1896,1,2,True,3,True,3,2022-04-17,12:48:29
1897,3,2,False,-1,False,1,2022-04-17,12:48:29
1898,2,3,True,1,False,2,2022-04-17,12:48:29
1899,3,2,False,-1,False,1,2022-04-17,12:48:29
1900,2,1,False,-1,True,2,2022-04-17,12:48:29
1901,2,3,False,-1,False,1,2022-04-17,12:48:29
1902,2,3,False,-1,False,1,2022-04-17,12:48:29
1903,2,1,False,-1,True,2,2022-04-17,12:48:29
1904,2,3,False,-1,False,1,2022-04-17,12:48:29
1905,3,2,True,1,False,3,2022-04-17,12:48:29
1906,1,3,True,2,True,2,2022-04-17,12:48:29
1907,2,3,False,-1,True,2,2022-04-17,12:48:29
1908,3,1,False,-1,False,2,2022-04-17,12:48:29
1909,1,3,False,-1,True,1,2022-04-17,12:48:29
1910,1,2,False,-1,False,3,2022-04-17,12:48:29
1911,3,2,True,1,False,3,2022-04-17,12:48:29
1912,1,2,True,3,True,3,2022-04-17,12:48:29
1913,2,1,False,-1,False,3,2022-04-17,12:48:29
1914,2,3,False,-1,False,1,2022-04-17,12:48:29
1915,2,3,True,1,True,1,2022-04-17,12:48:29
1916,1,2,True,3,False,1,2022-04-17,12:48:29
1917,2,3,False,-1,False,1,2022-04-17,12:48:29
1918,2,1,False,-1,False,3,2022-04-17,12:48:29
1919,1,3,True,2,True,2,2022-04-17,12:48:29
1920,3,2,True,1,True,1,2022-04-17,12:48:29
1921,2,3,False,-1,False,1,2022-04-17,12:48:29
1922,2,3,False,-1,True,2,2022-04-17,12:48:29
1923,2,1,False,-1,False,3,2022-04-17,12:48:29
1924,1,2,True,3,True,3,2022-04-17,12:48:29
1925,2,3,False,-1,False,1,2022-04-17,12:48:29
1926,3,2,False,-1,False,1,2022-04-17,12:48:29
1927,1,2,True,3,False,1,2022-04-17,12:48:29
1928,2,1,True,3,True,3,2022-04-17,12:48:29
1929,3,2,True,1,True,1,2022-04-17,12:48:29
1930,1,3,False,-1,False,2,2022-04-17,12:48:29
1931,3,2,True,1,True,1,2022-04-17,12:48:29
1932,2,1,False,-1,False,3,2022-04-17,12:48:29
1933,3,2,True,1,True,1,2022-04-17,12:48:29
1934,2,1,False,-1,False,3,2022-04-17,12:48:29
1935,3,2,True,1,True,1,2022-04-17,12:48:29
1936,2,3,True,1,False,2,2022-04-17,12:48:29
1937,2,1,False,-1,True,2,2022-04-17,12:48:29
1938,1,3,False,-1,False,2,2022-04-17,12:48:29
1939,3,1,True,2,False,3,2022-04-17,12:48:29
1940,2,1,False,-1,True,2,2022-04-17,12:48:29
1941,2,3,False,-1,False,1,2022-04-17,12:48:29
1942,2,1,False,-1,True,2,2022-04-17,12:48:29
1943,3,1,True,2,False,3,2022-04-17,12:48:29
1944,1,2,True,3,True,3,2022-04-17,12:48:29
1945,2,3,False,-1,True,2,2022-04-17,12:48:29
1946,2,3,True,1,False,2,2022-04-17,12:48:29
1947,2,1,True,3,False,2,2022-04-17,12:48:29
1948,2,3,False,-1,False,1,2022-04-17,12:48:29
1949,3,2,False,-1,False,1,2022-04-17,12:48:29
1950,3,2,True,1,True,1,2022-04-17,12:48:29
1951,2,1,False,-1,False,3,2022-04-17,12:48:29
1952,3,2,True,1,True,1,2022-04-17,12:48:29
1953,2,3,False,-1,False,1,2022-04-17,12:48:29
1954,3,2,True,1,True,1,2022-04-17,12:48:29
1955,3,1,True,2,False,3,2022-04-17,12:48:29
1956,1,2,False,-1,False,3,2022-04-17,12:48:29
1957,3,1,True,2,True,2,2022-04-17,12:48:29
1958,3,1,True,2,False,3,2022-04-17,12:48:29
1959,1,2,True,3,False,1,2022-04-17,12:48:29
1960,1,3,True,2,True,2,2022-04-17,12:48:29
1961,3,1,False,-1,True,3,2022-04-17,12:48:29
1962,1,2,True,3,True,3,2022-04-17,12:48:29
1963,1,3,False,-1,False,2,2022-04-17,12:48:29
1964,1,3,False,-1,False,2,2022-04-17,12:48:29
1965,3,1,False,-1,False,2,2022-04-17,12:48:29
1966,1,2,False,-1,True,1,2022-04-17,12:48:29
1967,3,2,False,-1,True,3,2022-04-17,12:48:29
1968,3,1,True,2,True,2,2022-04-17,12:48:29
1969,2,1,False,-1,False,3,2022-04-17,12:48:29
1970,3,2,False,-1,False,1,2022-04-17,12:48:29
1971,1,2,False,-1,False,3,2022-04-17,12:48:29
1972,1,3,False,-1,True,1,2022-04-17,12:48:29
1973,3,2,True,1,True,1,2022-04-17,12:48:29
1974,2,3,False,-1,False,1,2022-04-17,12:48:29
1975,2,3,False,-1,False,1,2022-04-17,12:48:29
1976,3,2,True,1,True,1,2022-04-17,12:48:29
1977,1,2,False,-1,False,3,2022-04-17,12:48:29
1978,3,1,True,2,True,2,2022-04-17,12:48:29
1979,3,2,False,-1,False,1,2022-04-17,12:48:29
1980,1,2,False,-1,False,3,2022-04-17,12:48:29
1981,1,3,True,2,True,2,2022-04-17,12:48:29
1982,3,2,True,1,False,3,2022-04-17,12:48:29
1983,1,2,True,3,True,3,2022-04-17,12:48:29
1984,1,2,True,3,True,3,2022-04-17,12:48:29
1985,1,3,False,-1,False,2,2022-04-17,12:48:29
1986,3,1,True,2,True,2,2022-04-17,12:48:29
1987,1,2,False,-1,True,1,2022-04-17,12:48:29
1988,3,2,True,1,False,3,2022-04-17,12:48:29
1989,1,3,True,2,True,2,2022-04-17,12:48:29
1990,3,1,True,2,True,2,2022-04-17,12:48:29
1991,3,2,False,-1,True,3,2022-04-17,12:48:29
1992,3,2,False,-1,False,1,2022-04-17,12:48:29
1993,3,1,True,2,False,3,2022-04-17,12:48:29
1994,1,2,False,-1,False,3,2022-04-17,12:48:29
1995,2,1,False,-1,True,2,2022-04-17,12:48:29
1996,1,2,True,3,True,3,2022-04-17,12:48:29
1997,1,2,False,-1,False,3,2022-04-17,12:48:29
1998,3,1,True,2,True,2,2022-04-17,12:48:29
1999,1,3,True,2,False,1,2022-04-17,12:48:29
